timestamp,device_id,heart_rate,spo2,temperature,label,anomaly_type,hour,minute,day_of_week,time_diff,hr_rolling_mean,hr_rolling_std,hr_rate_of_change
2026-01-29 00:13:01.926677,DEV001,150.0,96.03433519647679,37.150683892700485,attack,data_injection,0,13,3,4650.000821,87.20218560049578,35.239941616053066,81.26535490911242
2026-01-29 00:20:21.926768,DEV001,63.54094365542228,97.03402741107223,37.13190629391783,normal,none,0,20,3,990.000189,69.8416385038841,11.940242847740699,-3.738495204985753
2026-01-28 22:53:31.925834,DEV001,56.98578635702634,97.85845111665667,37.29042353983651,normal,none,22,53,2,-4870.00086,66.35011961251155,7.766230696929611,-16.320509715713
2026-01-29 00:36:16.926947,DEV001,75.56704850431329,93.3997288954963,36.95235326498888,attack,spoofing,0,36,3,8800.001585,70.65542284003921,7.8639482947604264,8.370461136207823
2026-01-28 22:13:41.925409,DEV001,66.82513370889582,97.32674476460232,36.780275914964434,normal,none,22,13,2,-3115.000553,64.66258889304214,3.142008579394126,-0.5112885999738666
2026-01-29 00:34:01.926922,DEV001,61.28764707150975,95.22893144691191,37.06160198044347,normal,none,0,34,3,6350.001145,63.966473658572475,2.042139739733724,-1.7988860450367241
2026-01-28 22:33:56.925624,DEV001,62.95393740459507,96.64297079919339,37.03988479719735,normal,none,22,33,2,-5045.000894,63.79547141480914,2.1344657636668285,-4.571495181245993
2026-01-28 22:24:26.925523,DEV001,66.74911665908724,96.752974299254,36.63922744148753,normal,none,22,24,2,-6850.001225,67.43051803874894,5.1705768796274985,4.394380045818707
2026-01-29 00:40:06.926990,DEV001,60.66912575892749,96.53706048797474,36.80112898687383,normal,none,0,40,3,-700.000121,51.21555220115242,29.057143090805976,-6.911765676647306
2026-01-29 00:22:11.926789,DEV001,61.78225083841269,96.76403001278902,37.03028060959035,normal,none,0,22,3,-1780.000323,66.64728621766423,6.2894106978531665,-0.010341185472540815
2026-01-28 23:49:51.926428,DEV001,72.35751190651612,96.82719826260353,37.194411393147945,fault,sensor_drift,23,49,2,-2485.000463,69.88125244846458,4.479447420480838,8.201620522466172
2026-01-28 23:19:06.926105,DEV001,0.0,0.0,36.79710405465852,fault,missing_data,23,19,2,-1650.00029,51.10031798450522,28.95162890343567,-65.54370019312873
2026-01-28 22:09:41.925363,DEV001,65.76150455021441,96.47591160206541,36.676822642517905,normal,none,22,9,2,-340.000064,76.81774688096498,50.23145317050173,9.015614664553993
2026-01-28 23:26:21.926180,DEV001,69.48124232245875,96.47102229193598,36.975331187190775,fault,sensor_drift,23,26,2,3255.000577,69.55386659488548,2.5242491616378278,-2.3523878996328165
2026-01-29 00:18:51.926751,DEV001,50.0,99.30363875210479,36.84922757726181,attack,data_injection,0,18,3,-725.000136,61.49117112090312,8.17421596532318,-15.95249839889533
2026-01-29 00:49:41.927090,DEV001,78.15324210822367,93.04930833152022,37.00697758941788,attack,spoofing,0,49,3,-150.000003,68.75540716370526,11.077550516405738,7.035059311303925
2026-01-28 22:19:06.925466,DEV001,62.76798887202378,96.38363859196052,36.95657378501076,normal,none,22,19,2,-1565.000277,65.43958798205472,2.8351266375520394,-0.9192513520792005
2026-01-28 23:45:36.926384,DEV001,0.0,0.0,36.88174304223962,fault,missing_data,23,45,2,1535.000269,53.14766599675545,31.416381263359522,-74.46318447864836
2026-01-29 00:06:26.926609,DEV001,58.51584026022077,98.5886269280436,36.89179862684342,normal,none,0,6,3,-10.000002,66.36888345734788,9.278608644767836,-3.2273752708200902
2026-01-29 00:20:20.926669,DEV001,65.92275651598518,95.25236349017173,37.05175396104878,attack,timing_manipulation,0,20,3,6899.001137,55.01324054540778,31.178267816688763,3.2348437124152554
2026-01-28 22:43:46.925726,DEV001,71.11545756466181,96.16817779176955,36.900485500338156,normal,none,22,43,2,-2110.000377,37.8790978222583,38.342052860107096,71.11545756466181
2026-01-28 23:56:46.926504,DEV001,54.880508227018694,96.4107283482107,37.043560467949746,fault,battery_low,23,56,2,5370.000952,62.8277101504833,7.302256602964799,-16.621564037892654
2026-01-29 00:30:50.926841,DEV001,50.0,97.26477531097798,36.900465495314194,attack,replay_attack,0,30,3,8029.001397,63.910168557752414,10.028118339011263,-8.586428806824955
2026-01-28 22:10:06.925367,DEV001,71.6253570932502,96.99069967886139,37.56293088889451,normal,none,22,10,2,-1445.000259,70.3833358856325,9.115597982470058,9.413097115057141
2026-01-29 00:53:08.927097,DEV001,67.96778361140431,96.60280468385402,37.19514267553385,attack,timing_manipulation,0,53,3,2627.000458,69.16747435012516,9.955140162769348,-0.7953684369220042
2026-01-29 00:52:08.927063,DEV001,72.8285937530468,96.52803135938784,36.840787172455876,attack,spoofing,0,52,3,2265.000404,78.00752412951542,49.188047183121874,-11.564760993477435
2026-01-28 23:37:56.926304,DEV001,75.04358733755475,97.85555565902071,37.10033700903376,fault,sensor_drift,23,37,2,-1370.000242,72.28417948850287,5.072436113985555,-4.881156047038658
2026-01-29 00:00:01.926538,DEV001,63.542711994495264,96.4741203241048,37.27264579502645,fault,battery_low,0,0,3,5530.00098,61.48566046624485,6.453714824192396,1.8376183902300625
2026-01-28 23:23:01.926147,DEV001,66.36368186502624,96.80530270388331,37.1174783399612,fault,sensor_drift,23,23,2,-4590.000836,71.11760058899787,7.495432007694534,2.019966700487757
2026-01-28 22:08:36.925352,DEV001,64.88127721318924,96.50836381436795,37.160425691723624,normal,none,22,8,2,-3815.000679,67.30158213731701,4.4918377314466476,-1.8173587098969506
2026-01-28 22:47:16.925767,DEV001,62.0333249555143,98.44363200346882,36.90827227277978,normal,none,22,47,2,-2585.000458,69.93880148318833,12.644979003585673,-29.518614597063106
2026-01-28 23:29:56.926221,DEV001,66.4801990527358,95.6645184309001,36.74515357618464,fault,battery_low,23,29,2,-545.000095,76.24796071850862,57.36143335133691,-13.823163525880886
2026-01-28 23:57:21.926510,DEV001,66.08407902311987,98.3995946451458,36.845651837080645,normal,none,23,57,2,315.000055,72.70221797875533,13.583505292496104,-8.618142792209525
2026-01-28 22:17:06.925445,DEV001,66.68256083618576,97.01961665769399,37.0004575872287,normal,none,22,17,2,-9010.001621,68.86419979828327,4.599240085519794,-4.501296503305653
2026-01-28 23:13:06.926040,DEV001,63.029365293584114,95.99594540315799,36.85841781186519,normal,none,23,13,2,3980.000706,68.22217173213377,4.830062853536275,-7.147554314336055
2026-01-28 22:17:56.925453,DEV001,72.87545973356775,97.05088770185601,37.32767194645419,normal,none,22,17,2,-5585.00099,67.15796757085135,6.43959611092485,11.059777275250475
2026-01-28 22:25:16.925531,DEV001,69.737734706829,98.00751368983693,37.00171121616487,normal,none,22,25,2,-5795.001026,70.93178836389768,11.357864115956017,-19.89597024902615
2026-01-29 00:47:31.927068,DEV001,55.796333711631846,96.24950490070616,37.245406919409774,attack,spoofing,0,47,3,9230.001659,62.63100815235148,4.893730559593743,-11.028799997263974
2026-01-28 22:58:11.925884,DEV001,74.3056790953526,97.4097627959595,37.071250557741216,normal,none,22,58,2,-470.000082,67.7581323560703,5.885917209345226,10.782998419312555
2026-01-29 00:04:46.926591,DEV001,60.80395166330497,97.41820575588797,36.981784827929395,normal,none,0,4,3,4720.000838,72.49458526078004,9.828883327093642,-11.133668856023533
2026-01-28 22:38:56.925675,DEV001,75.49703979142738,96.3499760655931,36.893454900356616,normal,none,22,38,2,-505.000093,69.19051363572227,9.245192193744701,1.5416734429234822
2026-01-28 22:53:11.925831,DEV001,72.34581557297534,96.10465367763697,37.158371862077615,normal,none,22,53,2,-1665.000294,76.55316507791983,11.25857163708092,6.673508102779223
2026-01-28 22:31:36.925598,DEV001,66.92638287869953,100.0,36.68042557310103,normal,none,22,31,2,-3495.000622,68.94491649828979,6.615691477189006,-9.010738584372461
2026-01-28 22:39:56.925687,DEV001,69.4539956238931,98.34046105179034,37.169376420776985,normal,none,22,39,2,-2785.000493,69.502938124108,2.5229143269402807,-0.027246698565647876
2026-01-28 23:41:06.926337,DEV001,68.84660544866381,96.73235890910121,36.86819214502227,normal,none,23,41,2,4745.000841,73.06415662960424,7.313624900597857,4.739434246843302
2026-01-28 23:17:46.926089,DEV001,68.50540082588688,97.19410763095335,36.97169484932661,normal,none,23,17,2,-165.000031,55.12484027384778,31.816063512713132,68.50540082588688
2026-01-28 22:21:21.925489,DEV001,60.98528347185005,96.8196083182376,36.83072805602261,normal,none,22,21,2,-6818.001153,70.36296338694196,10.430613408743142,-3.945399704090903
2026-01-28 22:18:01.925453,DEV001,58.302329789349486,97.17334166437041,37.07626192245296,normal,none,22,18,2,-2610.000466,62.48401540915218,6.533702656874461,-3.4741830343740148
2026-01-29 00:07:16.926618,DEV001,89.65989401195998,94.43939236315269,36.77837750834823,attack,spoofing,0,7,3,-170.000029,70.94934868853701,10.802744816590794,22.686536362845075
2026-01-29 00:01:51.926557,DEV001,89.63370495585515,97.86163612449795,36.73385897373382,fault,sensor_drift,0,1,3,-2929.000521,69.10119703754071,12.297193214989143,19.003453701994303
2026-01-28 22:09:06.925357,DEV001,60.23552771230051,99.75966003891108,37.19134063727713,normal,none,22,9,2,-3245.00058,62.331427812491675,3.7960104602935023,1.0054250196509216
2026-01-29 00:47:36.927069,DEV001,75.21519011507849,93.66722260252035,36.68387921183817,attack,spoofing,0,47,3,5540.001005,41.720897216994636,37.262334575590586,72.84676906244691
2026-01-29 00:38:26.926971,DEV001,150.0,95.48756029708672,37.00687506180529,attack,data_injection,0,38,3,5655.001024,86.62339857392118,35.55361516622139,83.0285931516801
2026-01-28 22:30:16.925584,DEV001,63.22624836305265,98.42236986169851,37.121121246526265,normal,none,22,30,2,1130.0002,63.05957053332022,7.533161494826059,2.8675355213003826
2026-01-28 23:42:36.926353,DEV001,89.46431344775456,97.10940847183296,37.58363471101202,fault,sensor_drift,23,42,2,780.000137,75.36181174009417,8.570464139124425,15.553034875028771
2026-01-29 00:03:41.926578,DEV001,71.6409707092453,96.32506598120945,36.89469366258079,normal,none,0,3,3,-2375.000446,87.33594058507215,35.72963784147055,-78.3590292907547
2026-01-28 23:26:46.926185,DEV001,4.7368421052631575,0.0,37.223848983512816,fault,sensor_drift,23,26,2,3050.00054,57.30664173049852,29.584739157154775,-60.15961066229176
2026-01-28 22:44:46.925738,DEV001,67.40964551582672,95.7623375776727,37.232567715506995,normal,none,22,44,2,-4545.000805,70.45990002108246,7.147734227895568,-10.556340288266483
2026-01-28 22:13:01.925402,DEV001,73.7292161858632,95.55614518386646,37.33573493467451,normal,none,22,13,2,-5720.00101,75.24150177095412,6.000519854852022,-7.620056595352182
2026-01-28 22:33:46.925622,DEV001,61.85347410472646,96.92840074814194,36.76926154373203,normal,none,22,33,2,-770.000136,70.60652223568438,11.517353678485495,2.6249966905592146
2026-01-28 23:42:01.926347,DEV001,52.18096352323668,97.84198369545213,37.45516508552953,fault,sensor_drift,23,42,2,-2134.000349,64.73027029422626,7.4546272605667525,-15.162907757138434
2026-01-28 23:25:11.926169,DEV001,73.79702218164762,96.81310384183801,36.92286547380443,fault,sensor_drift,23,25,2,3305.000586,71.12448641158296,3.530246977057127,4.515690187069126
2026-01-28 23:47:41.926406,DEV001,65.90084857607368,96.26469653931805,36.897219874670235,fault,sensor_drift,23,47,2,-2470.000458,62.992305020042195,6.535744773477599,11.764196306143873
2026-01-28 22:23:56.925517,DEV001,69.59670221868461,96.54790966716692,36.62813264566799,normal,none,22,23,2,-125.000023,68.04371702242014,4.928588923094683,6.565888580370938
2026-01-28 22:33:41.925622,DEV001,66.27851209792105,96.70603305233581,37.13627246531506,normal,none,22,33,2,-6083.001021,64.27542479626406,5.000332701061469,-2.946512549215754
2026-01-28 22:17:21.925447,DEV001,61.742624790986596,96.64595928905898,36.977837487944186,normal,none,22,17,2,-330.000058,68.98953564205446,9.186369779773822,-6.386057972910436
2026-01-29 00:29:16.926869,DEV001,65.95249839889533,99.30791625061612,36.947648341955784,normal,none,0,29,3,4655.000843,65.30642907999827,4.659184754821133,-3.557854110958516
2026-01-28 22:32:16.925605,DEV001,70.4072941421588,97.4977430890914,37.07668700628073,normal,none,22,32,2,-6220.001101,72.74730784804738,10.880282329921814,9.423188895560529
2026-01-29 00:04:26.926586,DEV001,67.53917878144811,96.46783143687281,36.76417835712743,normal,none,0,4,3,3240.000572,64.55704688325947,6.946300426666312,5.010770923810135
2026-01-28 23:24:06.926158,DEV001,78.12462204011172,98.47267067575098,37.10867816557436,fault,sensor_drift,23,24,2,1400.000248,65.68822782433385,7.508301357929077,12.48778813292995
2026-01-28 23:37:46.926301,DEV001,81.28371043238876,97.57985728529513,37.013614453849726,fault,sensor_drift,23,37,2,4730.000837,88.01706122000526,35.13690617463435,13.782695984428116
2026-01-29 00:25:41.926827,DEV001,73.07687844734721,96.93531139496748,36.7362063003395,normal,none,0,25,3,6260.001125,67.38214402295952,7.820175350602239,7.981953227586956
2026-01-29 00:45:56.927051,DEV001,63.95389063127736,97.5483196275545,36.625311739209074,attack,replay_attack,0,45,3,1990.000377,51.42608731813414,30.12904654918061,-10.31657220039358
2026-01-29 00:23:16.926801,DEV001,72.28790207238488,93.885953549838,36.65141049390267,attack,spoofing,0,23,3,-75.000013,68.20817864340331,4.3259074761165595,7.166804789021086
2026-01-28 22:21:06.925487,DEV001,79.94059179510371,97.00679984455999,36.93142422768849,normal,none,22,21,2,-7925.001426,69.61136127860219,6.341156097488052,16.170904235753454
2026-01-28 23:28:41.926205,DEV001,66.38265577684709,98.51639405525357,36.58012874711619,normal,none,23,28,2,3435.000609,66.0920206525449,4.56990305216393,-3.0089415124758574
2026-01-29 00:04:06.926582,DEV001,69.63920064040619,96.85297457656915,37.12891908648304,normal,none,0,4,3,1285.000229,66.16865086785238,10.315691191686915,-11.66300011060845
2026-01-28 23:14:21.926053,DEV001,0.0,0.0,37.12552125951237,fault,missing_data,23,14,2,985.000172,47.64941921723208,31.536820722171772,-68.6970877478356
2026-01-28 23:45:51.926387,DEV001,0.0,0.0,37.20588811118541,fault,missing_data,23,45,2,4370.000772,50.60444537366313,28.812760722342958,-62.24864254598826
2026-01-28 22:38:51.925674,DEV001,59.73857992705241,95.50347074490992,37.06486804200297,normal,none,22,38,2,930.000163,38.71699517858044,33.754920674459505,-9.176342371146504
2026-01-29 00:10:06.926647,DEV001,66.9733576491149,93.66492716230174,37.08566841013214,attack,replay_attack,0,10,3,6880.001219,65.15119503793053,3.684519327263436,0.7661810642053695
2026-01-28 22:55:56.925861,DEV001,61.44592738324408,97.21128369227947,37.25825476780317,normal,none,22,55,2,-5869.001035,64.59373722022936,3.461591376239657,-6.059543466455139
2026-01-28 22:59:06.925893,DEV001,58.06546260282677,98.07154315223488,36.417148802036614,normal,none,22,59,2,-6360.00115,63.10145643670637,4.845179442953128,-1.300700052624208
2026-01-28 23:03:16.925938,DEV001,68.90573388797125,97.31615595718277,37.133073787006566,normal,none,23,3,2,300.000053,54.434638205995114,30.650490129367114,5.122066307971565
2026-01-28 22:39:41.925684,DEV001,66.36596446074654,96.45331991541273,36.8241434435176,normal,none,22,39,2,-7932.001376,55.54055365445909,32.02016522017306,-15.303387756498367
2026-01-28 23:12:01.926030,DEV001,67.48883283277226,97.59502946583557,36.946879087942776,normal,none,23,12,2,-1800.000317,65.386968738297,7.540950242707187,15.307869309535583
2026-01-28 22:51:11.925811,DEV001,70.51820652248132,96.29042014525082,36.79196125603682,normal,none,22,51,2,-2595.000455,66.7528498961963,3.5246423888115945,7.030536445802532
2026-01-28 22:28:56.925571,DEV001,66.39091126725356,97.03415241748803,36.78405273574483,normal,none,22,28,2,-710.000125,66.42600014980448,3.6659354765963266,3.793597987880702
2026-01-29 00:08:16.926628,DEV001,67.94289202210305,95.66327456112407,36.995751044144754,normal,none,0,8,3,-2627.000434,71.1322233973322,11.34666264844767,0.32818371865249674
2026-01-28 22:55:01.925851,DEV001,64.0429414644544,95.68075280540123,37.20430307855637,normal,none,22,55,2,-4285.000758,62.77844317060244,3.2071805495511345,5.527101204233631
2026-01-29 00:16:16.926710,DEV001,150.0,96.24323602298408,36.99474784134603,attack,data_injection,0,16,3,4380.000772,69.72154785475661,53.28253113207314,81.09426611202875
2026-01-28 23:17:21.926084,DEV001,72.4432629770586,98.21795915230555,37.23631354328383,normal,none,23,17,2,-4520.000822,71.07817506963355,4.930961591236725,-0.618128312884636
2026-01-29 00:33:21.926915,DEV001,75.85471358748907,96.02463397272174,37.12528693449079,normal,none,0,33,3,8715.001568,63.93962350199015,7.378480352041149,16.638708556400744
2026-01-29 00:29:26.926871,DEV001,62.82256814715079,96.89366299746868,36.61901110919787,normal,none,0,29,3,8370.001505,65.73592230000584,3.5458741069331716,0.08204322696872168
2026-01-28 23:06:06.925967,DEV001,65.05601361850398,97.12354769595558,37.02235983164068,normal,none,23,6,2,-5265.000953,63.255301148668956,3.3616653620861277,3.1692604271762406
2026-01-29 00:17:01.926717,DEV001,68.97132339810913,96.70251779912616,36.99944277786662,normal,none,0,17,3,3050.000538,69.06169287401539,3.1062171608526596,-0.37250582254843323
2026-01-28 23:47:31.926404,DEV001,65.13118335273208,95.34337679232223,37.05819294602749,fault,sensor_drift,23,47,2,-2065.000382,56.2834338599489,25.023262778982513,-4.132685022879016
2026-01-28 22:51:06.925810,DEV001,63.45528661453987,97.05493411099985,37.1532485950081,normal,none,22,51,2,-960.000167,66.01723828712117,4.030681273585994,3.006408765505718
2026-01-29 00:16:56.926716,DEV001,62.35473661326853,97.90401755476131,36.80035754829772,normal,none,0,16,3,6530.001155,64.89014690308241,3.068669559325726,1.1369288577843548
2026-01-28 22:07:16.925339,DEV001,56.773344738866626,96.06009689889113,37.03973600190948,normal,none,22,7,2,-1140.000203,66.27180435506868,7.423329097359746,-8.992719015954492
2026-01-28 22:30:21.925585,DEV001,65.29913471036924,98.73889966379758,37.10172167464669,normal,none,22,30,2,-2170.000386,68.45839367866965,2.6613587808651094,-0.8959342173797751
2026-01-28 23:51:21.926447,DEV001,65.0618963488208,98.43633540570598,37.05448427933072,fault,disconnection,23,51,2,4815.000854,64.90285931493597,4.346318267137211,-4.42599382295289
2026-01-28 23:56:41.926503,DEV001,68.2281515197232,96.99759615908114,36.89644851055556,fault,battery_low,23,56,2,1600.000281,74.38049019515206,10.818504165245892,-13.480212109643347
2026-01-28 23:27:36.926194,DEV001,73.22911138110992,96.15368402253426,37.02316491744539,fault,sensor_drift,23,27,2,-2335.000416,86.72867893988956,35.746795464880066,6.230671622346705
2026-01-28 22:52:11.925821,DEV001,72.17865627045465,98.87096517537178,37.174564870201124,normal,none,22,52,2,-3990.000704,54.171428959788784,32.92229577237607,4.004269137326347
2026-01-29 00:09:16.926638,DEV001,72.47599561098322,92.89435305815968,36.99604113109586,attack,spoofing,0,9,3,4495.000794,65.17975898485619,5.223246024621927,13.529180877726816
2026-01-29 00:35:05.926833,DEV001,62.841898436409764,96.91628204015079,36.90027322084231,attack,timing_manipulation,0,35,3,4414.000702,31.384977595811222,31.460264228193935,62.841898436409764
2026-01-28 22:53:41.925836,DEV001,66.43183785810338,97.03823799496003,36.880717718406224,normal,none,22,53,2,-2525.000443,70.51782868070597,9.951811274635888,-0.11604572519441092
2026-01-28 22:56:01.925862,DEV001,64.11827966177506,98.20007895642686,37.08435601485017,normal,none,22,56,2,-2295.000402,65.30027113145904,2.388746105150681,1.9053514322133864
2026-01-29 00:01:06.926549,DEV001,81.50369075301445,96.92255653927401,36.888573885485556,fault,disconnection,0,1,3,1240.000218,65.54833184813336,8.938554064667612,19.93432826600192
2026-01-28 23:57:31.926512,DEV001,62.27372841940463,95.63417584458456,36.89749317787069,normal,none,23,57,2,5465.000968,70.44443893884127,10.08293157962423,-8.394793513601606
2026-01-28 23:58:31.926523,DEV001,64.0326640345059,97.67893129005928,36.60022221862775,fault,sensor_drift,23,58,2,4165.000736,50.89813345713968,26.878507907771603,-6.084038056778496
2026-01-28 23:33:06.926253,DEV001,73.04293623171105,97.22421640429079,36.837435281932684,fault,sensor_drift,23,33,2,-635.000112,58.729232889966326,32.86549971720901,73.04293623171105
2026-01-28 22:52:31.925824,DEV001,63.90171484179315,94.36425226098312,36.798879724862104,normal,none,22,52,2,-6415.001158,69.00333534057174,9.947582321131101,3.8376124775490723
2026-01-28 23:55:51.926495,DEV001,58.64464146381296,95.98524050681415,36.69799175760295,fault,disconnection,23,55,2,1830.000325,70.67253157168629,7.914296951173157,-15.753077878751569
2026-01-28 22:41:21.925702,DEV001,65.09492521976026,96.77060925593197,37.25108072189198,normal,none,22,41,2,-2325.000414,64.5731315017336,7.785656586202812,9.799152676861468
2026-01-28 23:56:56.926506,DEV001,68.12471036085216,97.83475132632488,36.650620861730886,fault,battery_low,23,56,2,3630.00064,64.15300473667261,6.626801153421811,-4.993224895328211
2026-01-28 23:20:36.926121,DEV001,0.0,0.0,36.975195722522,fault,missing_data,23,20,2,3775.000671,44.66626546689152,35.36236539418871,-70.40733204900397
2026-01-29 00:03:51.926579,DEV001,67.27943886040804,98.99155330220474,36.84716264267243,normal,none,0,3,3,4650.000823,69.5815916269072,12.124508699302726,8.971924499540279
2026-01-29 00:33:41.926918,DEV001,65.21801223186228,98.00182485368194,37.377687387922855,normal,none,0,33,3,8720.001568,65.8197849999155,4.507290398026648,4.633234156818176
2026-01-28 23:49:36.926425,DEV001,74.68386545388393,99.86840305566678,36.83151347397474,fault,sensor_drift,23,49,2,-3000.000559,68.55980751718481,4.915404530329018,9.29960603909008
2026-01-28 22:41:31.925703,DEV001,69.56662571008135,95.46889249744427,36.81988192949279,normal,none,22,41,2,-5577.000957,68.43294649101271,5.386225168857702,0.09447527710987913
2026-01-28 23:51:26.926448,DEV001,65.0618963488208,98.43633540570598,37.08349301796426,fault,disconnection,23,51,2,6015.00107,66.34033120417226,1.8328147474477905,1.1180215758916319
2026-01-28 23:08:51.925996,DEV001,60.46137547222265,96.53419443088184,36.952816694137574,normal,none,23,8,2,1100.000192,67.40008181230982,4.751281435469237,-5.547971496696384
2026-01-28 23:07:01.925976,DEV001,66.31996801259771,98.23087451315473,36.762207316093004,normal,none,23,7,2,1385.000248,66.73468010259185,6.423535029818184,-2.540010527147132
2026-01-28 23:40:06.926327,DEV001,61.56936248701253,98.31830232485267,36.997145929410124,fault,disconnection,23,40,2,-1445.000256,52.52124762668374,29.560898821492355,-3.715703137472893
2026-01-28 22:42:46.925716,DEV001,66.06200746767253,95.39342289926132,37.10002860662278,normal,none,22,42,2,-2870.000512,69.55094085827196,13.387916151619722,-25.885653254493477
2026-01-28 23:28:11.926200,DEV001,72.9570751695644,95.3451125637717,37.11296847172002,fault,battery_low,23,28,2,-4200.000768,39.57147273944906,35.54522501382156,16.972773550844124
2026-01-29 00:37:59.926878,DEV001,50.0,96.06977145498385,36.953882720295276,attack,timing_manipulation,0,37,3,7088.001192,69.98749908755516,15.348885041568382,-14.089418604759402
2026-01-29 00:28:56.926865,DEV001,69.23710838575211,94.86740437384516,37.07960964330185,normal,none,0,28,3,6210.00112,64.59382961871101,5.6641602050439674,14.406968247274413
2026-01-29 00:52:31.927119,DEV001,64.8673937037547,94.9221881801438,37.23052962065234,normal,none,0,52,3,7705.00139,49.3339012123411,28.26711951720282,2.4920119029108037
2026-01-28 23:34:51.926270,DEV001,63.52853703009365,95.48552969081923,37.148730355108036,normal,none,23,34,2,-580.000103,63.688598772745024,7.884666099894609,-9.027464936467261
2026-01-28 22:10:11.925368,DEV001,68.05783740999793,96.67210528348708,36.97913144140262,normal,none,22,10,2,-175.000035,66.47394385186065,4.762098552736072,4.309442539210551
2026-01-28 23:50:26.926436,DEV001,69.50838654515394,97.29815846599053,36.892285265340675,normal,none,23,50,2,2030.000359,57.01686797092617,24.519729911544502,56.087333913574994
2026-01-28 22:14:56.925422,DEV001,68.36000024622831,98.64267295325597,37.04862469170258,normal,none,22,14,2,-4985.000883,69.14833658350626,9.74418958577792,-17.03851409770172
2026-01-28 22:44:31.925735,DEV001,76.16337162673757,97.07595526791609,37.237719364617405,normal,none,22,44,2,-3860.000683,59.46390827673518,28.90675394254165,65.90021373200074
2026-01-28 23:57:11.926508,DEV001,64.27352738245827,98.58983897818068,37.051234121138855,normal,none,23,57,2,2815.000496,67.98190646660716,5.264801969533243,-10.129457144635694
2026-01-29 00:39:56.926988,DEV001,59.861624295370206,97.82822969018463,36.89096275105474,normal,none,0,39,3,1543.00033,65.25987336174796,8.236609454016582,-19.965005976119386
2026-01-28 23:41:46.926344,DEV001,59.3676038079246,96.28782613582396,36.95772315403641,fault,battery_low,23,41,2,4805.000851,68.95426941968171,6.729964964436843,-9.338330277098741
2026-01-28 22:26:36.925546,DEV001,64.66723978295087,97.10435593752321,36.691376354411425,normal,none,22,26,2,-4770.000844,53.890775577794884,30.492783291323086,64.66723978295087
2026-01-28 22:47:06.925765,DEV001,73.73946665660574,96.31027222593583,36.80848620899696,normal,none,22,47,2,-2105.000373,43.05766074335443,35.193010001951876,64.0124681977225
2026-01-28 23:43:56.926367,DEV001,0.0,0.0,36.80096520802015,fault,sensor_drift,23,43,2,-3730.000686,48.04016309139668,27.529912925731665,-50.0
2026-01-29 00:30:36.926884,DEV001,69.23710838575211,95.14506374595938,36.961910762814156,attack,replay_attack,0,30,3,4185.00076,64.15292930364294,6.586534516340552,5.503266475697423
2026-01-28 22:14:11.925415,DEV001,67.8203473474785,97.67048061724121,37.11909817952785,normal,none,22,14,2,-1570.000276,72.1576085878174,5.053296988893024,-2.0774730051215613
2026-01-29 00:52:06.927092,DEV001,77.58900336090913,94.39177349255525,37.27361587009772,attack,spoofing,0,52,3,5055.000895,75.8269985865846,7.955242984444798,-5.1878690948540225
2026-01-28 23:33:51.926260,DEV001,77.21292822956167,95.62832630276954,37.06833204639052,fault,sensor_drift,23,33,2,-995.000176,59.63882390496815,26.11589952755127,7.7045416844077295
2026-01-29 00:19:01.926753,DEV001,50.0,98.2592332397868,37.22498650906065,attack,data_injection,0,19,3,2350.000429,61.55456355888022,11.013036684827965,-23.507899398614796
2026-01-28 22:12:46.925399,DEV001,56.40190138915115,96.54981073514858,36.93887617778634,normal,none,22,12,2,-4030.000715,67.21742357293996,12.20613302960753,-8.188167198502725
2026-01-29 00:10:56.926655,DEV001,72.47599561098322,94.95191149266923,36.86966497556872,attack,replay_attack,0,10,3,-890.000173,71.2886620501817,5.2284004653976925,9.087597957039918
2026-01-29 00:38:16.926969,DEV001,57.07932028497255,96.17171791471615,36.66510610790935,attack,replay_attack,0,38,3,986.000205,70.86612655224451,12.330277565644002,-3.1540366737338843
2026-01-28 23:58:36.926524,DEV001,71.32217788554064,96.86300451055754,37.00680591726934,fault,sensor_drift,23,58,2,4430.000786,69.05412790284551,5.765260165809177,3.912532369713915
2026-01-29 00:51:58.927061,DEV001,82.68211559822747,95.17225438641104,37.080654912607436,attack,spoofing,0,51,3,5397.000925,69.01810448022226,10.870419203708678,27.85517236232603
2026-01-28 23:48:41.926416,DEV001,22.10526315789474,0.0,37.361521701553855,fault,sensor_drift,23,48,2,950.000166,45.45199070795945,29.485588712364354,16.578947368421055
2026-01-29 00:00:46.926546,DEV001,79.92474338459341,96.92255653927401,37.147935093623566,fault,sensor_drift,0,0,3,6875.001228,70.45783801707583,5.459686026089264,11.101426657381637
2026-01-28 23:56:06.926497,DEV001,58.64464146381296,95.98524050681415,37.10805758880714,fault,disconnection,23,56,2,730.00013,47.331259410737566,27.11702671958686,58.64464146381296
2026-01-28 23:48:06.926410,DEV001,78.46236880331418,97.695202900084,36.81424158370951,fault,sensor_drift,23,48,2,2105.00037,68.72533699385339,6.1713806852827675,12.641023181499946
2026-01-28 22:14:36.925419,DEV001,64.23651934832883,96.09794844564249,36.84423259143591,normal,none,22,14,2,-4975.000879,65.40197316924773,5.710119504001713,-10.971082550887246
2026-01-28 22:28:01.925560,DEV001,50.13340926181026,98.23578219182215,37.15190297749722,normal,none,22,28,2,-7200.001295,82.431033456659,38.85807770583848,-21.321506917800164
2026-01-28 22:32:06.925603,DEV001,71.83363022209157,98.79521135591233,36.65085851342807,normal,none,22,32,2,-5720.001017,69.08954067506768,2.744836964073014,6.416346974318543
2026-01-28 22:48:36.925782,DEV001,62.18499538010043,95.67754204325642,36.98609354275155,normal,none,22,48,2,-6335.001141,49.02779409563278,29.476701830374413,0.2438408346268517
2026-01-28 23:08:16.925990,DEV001,61.71202267134199,96.7033925409302,36.9429811485916,normal,none,23,8,2,3695.000657,68.06663288536272,5.795217215088639,-12.52378736835059
2026-01-28 23:24:46.926164,DEV001,4.7368421052631575,0.0,36.85436561980604,fault,sensor_drift,23,24,2,1585.000278,51.19060487716267,26.038331783722473,-56.65487975559956
2026-01-28 22:51:31.925814,DEV001,53.981523461519174,99.42671648634553,37.07404237798835,normal,none,22,51,2,-335.000059,63.66204932022663,6.755103110652718,-12.080299146084172
2026-01-29 00:20:01.926765,DEV001,65.61335157997398,96.22014705377836,36.74580965578154,normal,none,0,20,3,7445.001332,52.11506776287016,19.64293913489244,5.116995805916019
2026-01-28 23:36:21.926285,DEV001,66.54788358329779,98.63185689908912,37.016893357277986,fault,disconnection,23,36,2,2860.000502,69.4872883048496,5.014016927466818,-1.1441465077570285
2026-01-28 22:52:46.925827,DEV001,64.2348235580543,97.92427013953782,37.13108076597005,normal,none,22,52,2,360.000067,65.47258427889945,4.158075414017274,3.30281761397066
2026-01-29 00:32:41.926906,DEV001,73.06139128994323,97.27735846196468,36.89626665607576,normal,none,0,32,3,6870.001239,72.07419122177492,5.716095442092033,10.517308635556105
2026-01-29 00:13:16.926680,DEV001,70.44374309852093,95.82612003559103,36.87767325266109,normal,none,0,13,3,4290.000759,69.51471280093449,4.541175453003593,-2.4169635815018324
2026-01-28 22:11:26.925384,DEV001,60.358712841752265,96.8967782470675,37.063704200959776,normal,none,22,11,2,-8515.001531,63.145383237013526,7.537977108995718,-15.496000745736808
2026-01-28 23:27:11.926189,DEV001,83.09628684084137,95.94344235723975,36.79831025349053,fault,sensor_drift,23,27,2,-1550.000277,98.1347870549246,35.04750843792746,-9.469208806026685
2026-01-28 22:23:11.925509,DEV001,59.45139912237016,96.043563623182,37.022107063494786,normal,none,22,23,2,395.00007,81.8501635298901,38.90999548958288,-17.840624968835343
2026-01-29 00:51:36.927109,DEV001,67.56542710048646,94.91790129681101,36.886170360265496,normal,none,0,51,3,5185.00094,70.41448031874788,3.872881784814603,-6.23159508116116
2026-01-28 23:03:21.925939,DEV001,64.13911474631865,97.46926758980852,36.840772639362704,normal,none,23,3,2,-6454.001142,66.8607115314368,11.144716074683506,-16.358635287123434
2026-01-29 00:32:06.926900,DEV001,68.38937659765453,97.32910677871013,36.753379738997026,normal,none,0,32,3,4735.000859,66.02627800831301,2.2106124103364673,5.2211159977067965
2026-01-28 23:07:31.925981,DEV001,66.62089040867869,96.66486221882855,36.84182364166109,normal,none,23,7,2,740.000129,67.90299264657453,2.795661671842494,-3.8705346361981583
2026-01-28 23:42:31.926352,DEV001,74.12123372284654,95.76257336177743,37.02747049588141,fault,sensor_drift,23,42,2,-2380.000437,68.42750970192168,7.003639175035312,12.338982884433847
2026-01-28 22:53:21.925833,DEV001,56.149123286266345,96.00418460520977,37.17049372868659,normal,none,22,53,2,980.000177,62.91650761785147,5.067359552003094,-10.313173547183993
2026-01-28 23:07:21.925979,DEV001,70.48651992373755,98.98706111169945,37.058189472867895,normal,none,23,7,2,-580.000102,37.74143362715122,37.9485366188744,70.48651992373755
2026-01-28 22:43:26.925723,DEV001,61.64034703051884,96.76559219968368,37.01997739088184,normal,none,22,43,2,-4260.000758,64.17899727022328,8.048097184653082,-5.308883737570554
2026-01-28 22:39:46.925685,DEV001,66.57464893097932,96.72834488967395,37.0697190239722,normal,none,22,39,2,1260.000223,67.12588227707384,1.5796351571098992,-1.4973380786611727
2026-01-28 23:15:11.926063,DEV001,0.7894736842105263,0.0,37.18470172320947,fault,sensor_drift,23,15,2,-330.000059,39.48415690057492,33.333511271445516,-62.93333009240174
2026-01-28 23:59:41.926535,DEV001,31.578947368421055,0.0,37.012376670577424,fault,sensor_drift,23,59,2,5905.001047,58.4322856916083,16.655562353000583,-30.47501081165315
2026-01-28 22:23:21.925511,DEV001,68.91492229819892,98.48411602853596,37.098812783795104,normal,none,22,23,2,-4160.000738,40.629662261807745,35.4711767433722,64.96755387714629
2026-01-28 23:54:56.926486,DEV001,60.84840182815413,98.06137096487313,37.21642246259863,normal,none,23,54,2,3085.000546,65.6197151519868,2.9537154843099587,-8.047139749972636
2026-01-29 00:20:51.926774,DEV001,66.49376454182843,96.01419619133218,36.96632301550543,normal,none,0,20,3,6305.001131,67.29153289612988,6.57144601841441,5.166665402861852
2026-01-28 23:29:26.926214,DEV001,70.57207669652168,96.84474095117525,36.830386880393895,fault,sensor_drift,23,29,2,-1145.0002,72.16246499449281,12.31228922177282,-18.535429045614833
2026-01-28 22:16:16.925436,DEV001,61.79280868818192,97.78460428789802,36.972537806842226,normal,none,22,16,2,-1725.000305,71.59528947898386,11.421726112343688,-7.6177707741908165
2026-01-28 23:30:41.926229,DEV001,-6.709492552143752,0.0,37.015321814090335,fault,battery_low,23,30,2,5030.000894,69.16403718356146,55.495701772804416,-70.70186658462461
2026-01-29 00:17:51.926726,DEV001,64.89316352825782,99.12477140301696,37.38005368486219,attack,replay_attack,0,17,3,1500.000262,73.21168859731264,9.184992794710187,-21.641598522236606
2026-01-29 00:32:46.926907,DEV001,71.57457226792023,96.97772102081629,37.17064030901031,normal,none,0,32,3,2450.000454,62.22718287709131,29.135673190603356,-3.894003766293892
2026-01-28 22:52:36.925825,DEV001,64.17695502305752,97.00337550659717,37.072032836789155,normal,none,22,52,2,-90.000016,37.48979790962021,32.65105240374989,8.892885605941323
2026-01-28 23:59:51.926537,DEV001,91.06044135069494,96.29097904236951,36.961951831117354,fault,sensor_drift,23,59,2,1555.000276,72.16699744397744,11.8044108378448,28.847513121133268
2026-01-29 00:22:46.926795,DEV001,59.66233542872864,97.45780560992579,37.04632149483362,normal,none,0,22,3,4070.000736,52.70548258615175,31.030211586966704,59.66233542872864
2026-01-28 22:24:31.925524,DEV001,77.91303879552316,96.64165984797877,36.52160875913739,normal,none,22,24,2,-8590.001546,68.63358651547057,7.387401076780973,7.484107170826434
2026-01-29 00:20:11.926767,DEV001,66.61539636558014,95.65042378844846,37.17973383206783,normal,none,0,20,3,7690.001376,53.63749413788874,25.47145541246029,-1.5313276241175515
2026-01-28 23:07:56.925985,DEV001,58.942856903430815,97.4632885301181,37.09916100420551,normal,none,23,7,2,1825.000324,61.420420048602594,8.057372694854669,-11.758492242328195
2026-01-28 23:54:51.926485,DEV001,68.02329095496134,98.10082139842261,36.948539999876445,normal,none,23,54,2,1150.000207,67.77111546363655,3.62767935096194,1.4754073716635503
2026-01-29 00:05:11.926595,DEV001,63.89373188207114,97.44419832729068,36.84575994009014,normal,none,0,5,3,4560.000807,69.6567674815582,11.710419100547561,-4.950600018206387
2026-01-28 23:36:46.926291,DEV001,0.0,0.0,37.101004217654754,fault,missing_data,23,36,2,1565.000275,52.43481010571885,29.84283425628061,-68.4497915481953
2026-01-28 23:26:16.926180,DEV001,73.56545175619253,96.3914102767603,36.79403763029163,fault,sensor_drift,23,26,2,4035.000715,69.12169192481497,3.1350081589917123,5.7603434275435035
2026-01-28 23:44:31.926373,DEV001,72.55600196656091,97.97842211202804,37.04373186135146,fault,sensor_drift,23,44,2,5830.001033,63.43416645898533,7.911602285066582,14.840845166970453
2026-01-28 22:49:21.925790,DEV001,66.83640748930175,96.7702003694248,37.06966834784922,normal,none,22,49,2,-1295.000229,78.91145590768,39.98663501270964,2.7332589299499404
2026-01-29 00:39:21.926981,DEV001,63.94434880586152,96.03195424148976,36.75446400710879,attack,replay_attack,0,39,3,-689.000099,67.00917493525087,3.9164751163206657,-0.4697175127136717
2026-01-28 22:29:56.925581,DEV001,56.57930696454311,97.4620608932519,37.040647190917205,normal,none,22,29,2,-5290.000938,62.30183906213058,9.069477838860383,-14.714666146497919
2026-01-28 22:12:06.925392,DEV001,74.02992879448546,98.23613072180622,36.859054312877824,normal,none,22,12,2,-4350.000771,70.54276096375052,3.011419757278913,1.1690056791332921
2026-01-28 23:20:11.926117,DEV001,70.97101226527735,96.61497818828714,37.04549917514641,fault,battery_low,23,20,2,-695.000122,55.296606768733795,33.60655216721697,75.42247756925777
2026-01-29 00:17:35.926696,DEV001,67.34387128037511,97.31313214001315,36.66576604550119,attack,timing_manipulation,0,17,3,-1051.000237,67.32307873514364,2.799977560934918,-3.837753494138184
2026-01-28 23:44:01.926368,DEV001,0.7894736842105263,0.0,37.10993663725805,fault,sensor_drift,23,44,2,35.000007,42.42602133226492,33.074094307285336,-12.631578947368421
2026-01-28 23:32:01.926242,DEV001,68.40833160076141,96.49019330680912,36.75277284079391,fault,disconnection,23,32,2,20.000003,67.70771786913885,54.463903268882774,71.25806503221668
2026-01-28 23:36:26.926287,DEV001,66.54788358329779,98.63185689908912,36.78614910124898,fault,disconnection,23,36,2,-4671.000819,79.88793489573965,39.413779950686255,8.445974407242446
2026-01-28 23:53:01.926466,DEV001,92.56549564686806,94.84761645539082,37.20537892365158,fault,sensor_drift,23,53,2,-500.000086,94.34840797296991,37.97847860373498,11.061804893853605
2026-01-28 23:36:56.926292,DEV001,0.0,0.0,36.85728306601857,fault,missing_data,23,36,2,-2660.000487,53.380925062414846,30.446512996469032,-57.80861010841316
2026-01-28 22:19:41.925472,DEV001,72.13272385719264,97.49822174849679,36.94627084933805,normal,none,22,19,2,445.000079,71.69052391979419,1.5428530587228582,-2.030240384033007
2026-01-28 23:45:21.926382,DEV001,24.38218205804922,0.0,36.872918023954256,fault,battery_low,23,45,2,-2345.000432,56.42282440225174,18.26378813139652,-35.280153370679415
2026-01-29 00:50:35.927078,DEV001,64.85368593157511,97.42818624781057,37.233183304051046,attack,timing_manipulation,0,50,3,449.000056,64.26919332317416,7.243756907463216,8.59634579776602
2026-01-29 00:15:14.926644,DEV001,69.30191534318891,91.98940178007109,36.52313864224285,attack,timing_manipulation,0,15,3,-827.000222,68.12509924188694,5.6381402915149375,6.978556272958528
2026-01-28 22:19:56.925474,DEV001,68.4036505968381,95.98490580817213,37.15876369342876,normal,none,22,19,2,-4090.000725,60.86003456139787,6.913059586231429,8.060765550301198
2026-01-28 22:16:26.925438,DEV001,59.330490648194214,96.73710917079173,37.04152067028013,normal,none,22,16,2,-7435.00133,63.7868099464456,5.169166115869225,-4.210453007228068
2026-01-28 22:27:46.925557,DEV001,70.21291622930231,97.1989481467965,36.82244609769229,normal,none,22,27,2,-5740.001018,71.66421477085537,2.1545491407539807,-2.293752030475119
2026-01-28 23:11:26.926024,DEV001,68.39367046352842,95.9579555877569,36.80430009082668,normal,none,23,11,2,-920.000161,56.266283022978044,28.95346226252036,63.656828358265265
2026-01-29 00:08:31.926631,DEV001,59.02058468982408,96.54545228125656,36.93466535049819,normal,none,0,8,3,-2225.000417,72.37401506379237,12.148035180505165,-10.575186178225934
2026-01-28 23:38:16.926307,DEV001,66.19193462251884,97.36141731727311,37.04033058102585,fault,sensor_drift,23,38,2,3215.00057,68.16960174740152,11.133552612409463,3.3508162003261504
2026-01-29 00:51:56.927113,DEV001,67.1596127233697,96.22538502998142,36.92120266375137,normal,none,0,51,3,640.00011,67.90660416551593,13.25587547713224,11.568857950857904
2026-01-28 22:51:16.925812,DEV001,60.691211688867526,95.74149508932467,37.389039014855385,normal,none,22,51,2,-4995.00088,64.08974600286949,3.294659100623874,-4.171213785879289
2026-01-29 00:29:01.926866,DEV001,62.32335907023038,98.01263740964407,37.07891599709684,normal,none,0,29,3,580.000109,67.27709544301332,5.734920823352776,-10.14008377456723
2026-01-28 22:38:26.925670,DEV001,75.72060015823504,96.0757668557317,36.71346574205207,normal,none,22,38,2,-1065.000194,66.96589257352491,6.932209142307644,5.5959111128526615
2026-01-28 22:55:21.925854,DEV001,66.69757714825258,98.23743813468414,36.87728247892744,normal,none,22,55,2,-3515.000622,67.6874991562792,4.049278998335069,-2.8356184611149615
2026-01-28 23:22:31.926142,DEV001,4.389199353399437,0.0,37.21253145815751,fault,battery_low,23,22,2,-5377.000921,48.885364000195295,37.66329795253804,-68.43939439964737
2026-01-28 22:23:26.925512,DEV001,68.90867571671666,97.35561334878567,36.42907466741912,normal,none,22,23,2,-8675.001561,67.8598147539844,1.3652769509617462,2.563041010491119
2026-01-28 22:50:41.925806,DEV001,63.08056542314482,96.58263318639492,37.14849178271852,normal,none,22,50,2,-980.00017,66.20990694030962,6.6325224484808105,-3.2394025894528937
2026-01-28 22:07:51.925345,DEV001,73.66798980676339,97.05993263026633,37.43398731761611,normal,none,22,7,2,-4100.000728,73.71165420748056,7.66121159503805,-11.162275487346918
2026-01-28 23:23:41.926153,DEV001,77.84370662197591,97.8691545924969,37.21930942364605,fault,sensor_drift,23,23,2,-1575.000277,69.53205040561122,7.210427956360549,7.570034639730508
2026-01-28 23:56:16.926499,DEV001,63.814618215335976,96.01769641962268,36.76032157500959,fault,disconnection,23,56,2,-1565.000292,63.24581252903355,8.027337135391729,0.4884948758686747
2026-01-29 00:52:46.927121,DEV001,61.27548677596775,97.36064789143579,36.76594385872065,normal,none,0,52,3,3900.000715,53.64077426432971,31.59701615962114,-20.3173163894822
2026-01-29 00:40:11.926992,DEV001,69.84728600263368,96.85005928092089,36.81570979531421,normal,none,0,40,3,1025.000193,53.353782446008914,26.37525209938457,2.5854270213850157
2026-01-28 22:51:26.925813,DEV001,73.54758906544512,96.69151721154418,36.88046646334903,normal,none,22,51,2,-1445.000253,65.91810882386945,7.7007320528112295,7.823836725612452
2026-01-28 23:16:21.926075,DEV001,82.62186847140309,98.47693442611828,37.13711794925968,fault,sensor_drift,23,16,2,-5130.000934,71.11101655461214,7.512721520831089,12.77458246876941
2026-01-28 23:01:31.925919,DEV001,61.7765128237235,97.46320629209912,37.14368348469433,normal,none,23,1,2,-3370.000594,50.82354945128228,29.05895058707765,-1.6233448206796766
2026-01-29 00:24:16.926812,DEV001,67.11799532796731,92.91352234162892,36.991127708897686,attack,replay_attack,0,24,3,7910.001417,66.4849734863802,2.5531186507466437,-3.3312631560644235
2026-01-28 22:29:01.925572,DEV001,61.43220270691586,95.91275406113719,36.59564027200761,normal,none,22,29,2,1155.000208,63.732943897461226,2.184207497984715,-3.4020247772933203
2026-01-28 22:13:06.925403,DEV001,63.74839487078738,94.70381904686276,36.61767188986965,normal,none,22,13,2,-1385.000244,67.22451708076314,5.335396305910079,-5.188083662574101
2026-01-29 00:44:51.927040,DEV001,72.6531150308505,96.61477879070985,36.82125079618326,attack,spoofing,0,44,3,5730.001039,66.34595845672729,4.323042340968722,11.604162194647252
2026-01-28 22:44:56.925740,DEV001,65.2348979644895,97.88729083726675,36.76871683665123,normal,none,22,44,2,-2190.00039,39.74758981218908,36.290256168791984,65.2348979644895
2026-01-29 00:47:16.927066,DEV001,71.18385733949141,95.76084665431148,36.53719118679998,attack,spoofing,0,47,3,660.000119,71.92799695573697,7.167776946006146,-4.383191164821881
2026-01-29 00:12:46.926674,DEV001,74.27046283167094,94.78318116064594,36.699425878263526,normal,none,0,12,3,3355.000595,52.31669328753348,30.653200191198746,74.27046283167094
2026-01-28 22:38:01.925666,DEV001,55.72026734060658,97.34378788154989,36.86663025660969,normal,none,22,38,2,-1885.000336,57.44518637047897,30.954098044377243,-13.122023793547683
2026-01-28 23:13:41.926047,DEV001,66.45141059527788,96.91940025070323,37.15129767086322,fault,disconnection,23,13,2,2640.000469,65.97195084107545,5.364096157014503,-7.818419447604498
2026-01-28 23:16:11.926073,DEV001,84.8302652941103,97.2956244887471,36.83872461417639,fault,sensor_drift,23,16,2,3370.000598,73.00299405520437,7.828315094145048,14.380218531982237
2026-01-28 23:03:01.925935,DEV001,62.71814040571045,96.67055221365291,37.29420693816342,normal,none,23,3,2,-4670.000839,67.55774810997153,6.29353692868977,-3.775624136117976
2026-01-28 23:50:36.926438,DEV001,67.21102458634718,98.05811832508715,36.703403113603514,normal,none,23,50,2,280.00005,41.21562352588573,34.91398313308244,67.21102458634718
2026-01-28 22:48:06.925776,DEV001,69.15459214560848,96.38776326549225,37.08259978242756,normal,none,22,48,2,-2470.000435,55.81972031122431,27.281626267822936,-0.1798375820464031
2026-01-29 00:46:06.927053,DEV001,50.0,96.9405848187275,36.78019104968902,attack,replay_attack,0,46,3,5695.001032,61.39515935206597,6.762783095143715,-16.229246741775597
2026-01-28 22:50:36.925805,DEV001,60.28466496334333,96.0813134885139,36.824305239731586,normal,none,22,50,2,-4870.000859,63.47039920239229,5.1984603476278055,4.088709023247205
2026-01-29 00:08:46.926633,DEV001,61.95108547840309,96.91912150213454,37.0763468337925,normal,none,0,8,3,5990.001062,64.59905872465961,2.9740104412508055,-4.43982578885047
2026-01-28 23:09:36.926005,DEV001,65.95079081033612,96.19568424034001,37.133768026109244,normal,none,23,9,2,-5044.00089,52.413069888384925,29.437509715779356,-3.9251973385760266
2026-01-28 22:59:21.925895,DEV001,59.88994146345034,95.96747609647247,36.59653224037552,normal,none,22,59,2,2915.000521,80.39159356982044,39.25290103837055,-11.106205094286267
2026-01-28 23:53:06.926467,DEV001,95.3874112158191,97.87645564550293,37.11991550824907,fault,sensor_drift,23,53,2,6055.001075,69.00501078082384,15.370494803527803,29.226795449213242
2026-01-28 23:13:21.926043,DEV001,66.45141059527788,96.91940025070323,36.85219426839535,fault,disconnection,23,13,2,-2120.000373,45.756136191826826,29.743459028094534,44.34614743738314
2026-01-28 23:29:06.926209,DEV001,63.93524027267954,97.07748051851887,36.99020699382831,normal,none,23,29,2,3630.000642,80.74180453938895,38.862994951804744,-3.0582085759065265
2026-01-28 22:10:56.925376,DEV001,64.79368408289955,97.87438918071273,37.0897271529029,normal,none,22,10,2,-7798.001308,63.39038489941693,7.526476729701066,8.635880910713809
2026-01-28 22:36:51.925654,DEV001,66.82812645489977,95.88347556005134,36.86550288079873,normal,none,22,36,2,-2095.000373,64.85541594082093,10.381830694829265,-0.8085156783517391
2026-01-28 23:31:36.926238,DEV001,0.007167207687803767,0.0,36.75309760031552,fault,battery_low,23,31,2,20.000004,56.24584836392036,32.33189565558791,-79.52116409566041
2026-01-28 22:53:51.925838,DEV001,67.97438283097644,96.70032335199322,37.161783853878546,normal,none,22,53,2,-1860.000327,54.339796456064924,27.309727896204596,62.44806704150275
2026-01-28 22:40:06.925689,DEV001,65.62784853704915,97.82973241787917,36.923011422317984,normal,none,22,40,2,-7230.001307,55.696267482892566,61.73978561275425,-84.37215146295085
2026-01-28 22:32:21.925606,DEV001,72.86713999792727,97.66592425205447,36.918138305180854,normal,none,22,32,2,-4480.000793,67.08273343224572,5.898009838416542,13.745714437774375
2026-01-28 23:52:46.926463,DEV001,82.74252783714944,97.55405777111591,37.015792809133615,fault,sensor_drift,23,52,2,-335.000058,65.6263399719318,10.728278466216773,27.802970721918314
2026-01-28 22:46:21.925756,DEV001,58.307514360867756,98.99251535316812,36.83096920831477,normal,none,22,46,2,1535.000273,69.66367986145997,12.106401383154521,-12.168147846467974
2026-01-28 23:43:11.926359,DEV001,11.052631578947368,0.0,37.15892007658904,fault,sensor_drift,23,43,2,5275.000933,42.74248258904667,34.28725765682705,-54.91488480437741
2026-01-28 23:06:11.925967,DEV001,66.87975058156962,98.95415743375028,37.201431440119336,normal,none,23,6,2,2735.000486,61.663381840790315,5.412011549958554,-1.1657552546692074
2026-01-29 00:24:31.926814,DEV001,65.1210972833638,96.63996073124302,36.989044327932234,attack,replay_attack,0,24,3,7875.001409,66.1581340560735,4.3379548417032066,1.290136539130856
2026-01-28 22:29:21.925575,DEV001,66.68875638710571,97.66631250090921,36.98637531496641,normal,none,22,29,2,-8000.001443,68.81037682654956,13.952797619842155,16.688756387105713
2026-01-28 23:57:36.926512,DEV001,63.82839330466867,96.8510306902327,36.839694481979095,normal,none,23,57,2,6580.001166,65.74651513170826,6.4779124268271,-1.3824711550542688
2026-01-28 23:09:56.926008,DEV001,61.82485961147989,97.82034401261245,37.04990963791962,normal,none,23,9,2,65.000012,66.29627947853076,5.368583288926969,1.3634841392572383
2026-01-29 00:13:26.926681,DEV001,72.71621764136094,99.06790633816355,37.00260867487539,normal,none,0,13,3,560.000099,68.73902397575705,9.946686599091286,3.077017000954754
2026-01-28 22:07:56.925346,DEV001,65.21086445972294,97.2773769379582,36.715263472623214,normal,none,22,7,2,-1155.000205,66.71768036786696,6.482447523614202,-11.739662487495849
2026-01-28 23:17:31.926086,DEV001,61.178963871588174,96.2820811092524,37.17414932891768,normal,none,23,17,2,-3640.000643,67.733536312213,4.794187451602311,-7.505255613873992
2026-01-28 23:34:16.926264,DEV001,62.212928229561676,95.62832630276954,37.00389165110378,fault,disconnection,23,34,2,-2849.000499,70.99360085595875,12.2862710694942,-6.471291255900489
2026-01-28 23:53:56.926476,DEV001,69.53319560936754,97.33802348110171,36.816357566698045,normal,none,23,53,2,-1325.000231,70.689656452502,7.350622328412402,-2.9302472354300733
2026-01-29 00:00:36.926544,DEV001,70.1923168610761,96.92255653927401,36.986425723660105,fault,battery_low,0,0,3,6635.001178,71.19175841089678,6.157527850129648,6.15576475371941
2026-01-28 22:40:51.925697,DEV001,74.09550583976824,97.55147627523952,37.052413361817344,normal,none,22,40,2,310.000055,66.75720161011988,5.819171547535131,7.850840917126064
2026-01-28 22:26:16.925542,DEV001,65.76606375482112,97.58441298047248,37.178413519946346,normal,none,22,26,2,-2675.000476,68.05159690133459,5.355455476578651,4.061007896836138
2026-01-28 23:41:16.926339,DEV001,72.21927580366741,94.87277257964851,37.10728277997827,normal,none,23,41,2,2910.000512,66.9471807454022,5.0845795611342846,7.984452245613113
2026-01-28 22:29:16.925574,DEV001,63.338661576361645,95.85120596484134,36.80668242180294,normal,none,22,29,2,-5215.000924,67.74876078011039,13.439760187065032,4.694020112548685
2026-01-28 22:40:31.925693,DEV001,58.6691751084775,95.87745519375558,36.78831187327167,normal,none,22,40,2,-1580.000281,60.839218972949084,5.452326802886253,-3.9727682270850053
2026-01-28 23:45:11.926380,DEV001,26.78377264918489,0.0,36.81640477907785,fault,battery_low,23,45,2,4250.000752,61.19975543374416,21.830954545234686,-41.62063058434885
2026-01-28 22:36:16.925648,DEV001,74.00344052716851,95.64732971415647,36.835077549913045,normal,none,22,36,2,-4105.000727,71.8912110885223,5.624644693408411,-5.402568450478697
2026-01-29 00:38:46.926975,DEV001,65.73396505992774,94.47170295333702,36.976076075126244,attack,replay_attack,0,38,3,560.000104,64.99960553484422,2.9172946738358085,2.911396912776951
2026-01-28 22:30:36.925588,DEV001,70.58775644726074,96.19173427835908,36.95830635789192,normal,none,22,30,2,70.000012,54.56164785586625,30.297078467032076,6.17457846941393
2026-01-28 23:34:01.926262,DEV001,62.212928229561676,95.62832630276954,36.75668383917286,fault,disconnection,23,34,2,-1705.000301,69.69611045474258,11.313921531176952,-3.71047329976286
2026-01-28 22:15:16.925426,DEV001,65.96751638332478,97.60318743108235,37.04636841842697,normal,none,22,15,2,-3625.000642,56.07059832349273,31.747352300699024,65.96751638332478
2026-01-28 22:35:06.925636,DEV001,59.30242709027284,96.13722423595688,36.683564647330776,normal,none,22,35,2,-7135.001286,62.52961938546207,2.3324014029643956,-1.9852199812369093
2026-01-28 23:01:01.925912,DEV001,66.3311655409486,97.17183933979354,37.04921672306328,normal,none,23,1,2,-4612.000779,58.733002849302885,8.75955607941263,15.692476607356852
2026-01-29 00:33:14.926836,DEV001,64.60179304377142,97.17869471681047,36.79861452781097,attack,replay_attack,0,33,3,2263.000344,53.3004893077917,29.836823574393406,-4.374293183626762
2026-01-28 23:33:16.926254,DEV001,79.232725635069,94.95005872142252,37.21421610008056,fault,sensor_drift,23,33,2,1480.000261,70.69059937867561,14.020162488551946,20.925289382200795
2026-01-28 23:05:21.925959,DEV001,66.3958290731224,96.18157133405799,36.87832984706413,normal,none,23,5,2,-5735.001041,66.27987872667157,2.0229341515563277,2.646061646117161
2026-01-29 00:25:00.926700,DEV001,65.70443123455603,96.46854544864078,36.805447096648,attack,replay_attack,0,25,3,5759.000913,59.69923545555821,23.72195132319724,2.2485419252420655
2026-01-28 23:14:51.926058,DEV001,63.11322913010546,96.94759554942253,36.98747035557564,normal,none,23,14,2,-3720.000657,66.16517932207425,6.100041840788664,5.925958414538179
2026-01-29 00:06:06.926606,DEV001,68.67438893024908,97.29271548214186,36.98799249166229,normal,none,0,6,3,5965.00106,54.723887032353744,30.720761375309923,4.709369523898246
2026-01-29 00:33:01.926910,DEV001,65.37716819450796,96.18698562773987,36.803734812696504,normal,none,0,33,3,5750.001036,69.83696979945292,5.410119290946536,-2.3624208992467572
2026-01-28 23:38:46.926313,DEV001,78.27001136616582,96.71686110325624,37.50787632455657,fault,sensor_drift,23,38,2,-1015.00018,76.15918835645797,12.95879805225848,19.62536990235286
2026-01-29 00:41:41.927008,DEV001,71.3285392043235,97.31952467078295,36.86857300754439,attack,replay_attack,0,41,3,1950.000371,70.83803718763451,12.552891050522202,1.6199012265429928
2026-01-29 00:21:26.926781,DEV001,50.0,97.04693490206037,37.095330208160114,attack,data_injection,0,21,3,6495.001164,63.589728174967924,10.24226946673482,-11.309659054657104
2026-01-28 22:23:16.925510,DEV001,61.650620762580004,97.47240627788038,36.8747369447634,normal,none,22,23,2,-4495.000796,67.38848103918133,4.723705469026598,-10.288232355384665
2026-01-28 22:27:36.925555,DEV001,62.80139863406171,96.57923820631895,37.28489916424939,normal,none,22,27,2,-6710.001166,49.60507080135234,28.585102786560125,-2.020393954450867
2026-01-28 23:01:11.925915,DEV001,62.47243170270814,95.82440539437515,37.29639215368731,normal,none,23,1,2,1150.000207,62.03167751932974,7.665587047778105,2.0489783038814053
2026-01-28 22:48:31.925781,DEV001,66.58235410187976,95.64892563379198,37.13155263523007,normal,none,22,48,2,-1335.000236,65.6227833285506,6.042885145352895,9.092735964222719
2026-01-28 22:43:31.925723,DEV001,63.77041137547215,96.2162343344136,37.0961489159536,normal,none,22,43,2,-6095.001098,62.22007472793731,7.928657662833253,13.77041137547215
2026-01-28 23:00:56.925911,DEV001,65.2201163015593,97.89024750083651,36.81179545986672,normal,none,23,0,2,-465.000083,64.56918348342067,3.1403864004122988,4.4955407950045085
2026-01-28 23:58:01.926518,DEV001,67.52543258584106,95.9736307923341,36.659619553996336,normal,none,23,58,2,4835.000858,64.36454032588753,2.231123958227265,5.022424438125682
2026-01-28 22:58:31.925887,DEV001,66.6183705235991,96.55695597887151,37.21921398149548,normal,none,22,58,2,2995.000535,67.59189418298085,4.364474386878332,1.7370933104098611
2026-01-28 23:41:01.926336,DEV001,68.3277420863586,97.47347189903523,36.86152984515324,normal,none,23,41,2,-3185.000587,65.18060579411024,4.524256035083413,9.927854642462123
2026-01-29 00:27:11.926846,DEV001,69.35648648728622,98.21819471175425,37.066329533425154,normal,none,0,27,3,6115.001102,68.27187453477555,7.924778714588209,5.895831728353997
2026-01-28 23:07:46.925983,DEV001,70.41259206219996,97.85397597655222,37.140298956384946,normal,none,23,7,2,1190.000209,76.21319284668516,10.870633651801045,-5.474237102306304
2026-01-29 00:39:16.926980,DEV001,61.4042334037879,97.3797676360409,37.28888243901102,attack,replay_attack,0,39,3,4720.000859,54.4207963581754,30.7415501024097,61.4042334037879
2026-01-29 00:33:06.926912,DEV001,56.99017094051416,97.8232799156777,36.7190366112145,normal,none,0,33,3,8580.001545,67.7459861521513,10.919394417686618,-14.63518615273604
2026-01-29 00:42:31.927016,DEV001,62.189159867108486,97.95001582866965,36.67643987723693,normal,none,0,42,3,2100.000396,67.67152859097597,7.17227728673061,-11.977477273817485
2026-01-28 22:19:01.925465,DEV001,67.80510832864903,95.73983523482742,37.198033247791855,normal,none,22,19,2,-1675.000298,66.72247407097896,3.45769256785081,-2.9428364182538473
2026-01-28 22:22:01.925496,DEV001,64.1071712018205,95.40187564811625,37.07915976974195,normal,none,22,22,2,-9005.001596,72.09992725951881,8.26465470383216,-13.481832159088626
2026-01-28 23:08:01.925986,DEV001,62.21664884863092,97.04351466864347,37.00032380627139,normal,none,23,8,2,-2610.000463,66.38523096733849,8.474790777892673,-2.8452475001898776
2026-01-28 22:21:11.925487,DEV001,69.46808270098064,96.80996096499851,37.05566972692893,normal,none,22,21,2,-2130.000382,64.22571095648905,3.4274714212705764,6.997282734342889
2026-01-29 00:16:51.926715,DEV001,57.18727071556728,97.22433965677808,37.054623686858726,normal,none,0,16,3,4915.000865,67.39733978228455,5.949821558266501,-10.393578178090024
2026-01-29 00:37:06.926956,DEV001,65.73396505992774,97.420191542895,37.28838848039052,normal,none,0,37,3,6615.001194,69.24354998683552,6.612341090009985,-9.041489077590697
2026-01-28 22:23:46.925515,DEV001,72.01757416305861,97.60451532635537,36.892390448301974,normal,none,22,23,2,-5155.000911,68.10481027879275,10.644973692426666,0.9010264693767311
2026-01-29 00:04:01.926581,DEV001,61.78240884809928,96.44988471706345,36.8581137685343,normal,none,0,4,3,-2510.000469,64.95597193467074,3.3425375816883967,-0.4067510190092065
2026-01-28 22:33:16.925617,DEV001,60.26880289821696,97.66874165559251,37.2072605784145,normal,none,22,33,2,-420.000074,69.19619008761586,7.7104992653883375,-8.643137234232398
2026-01-28 23:48:46.926417,DEV001,23.684210526315788,0.0,37.10123153109214,fault,sensor_drift,23,48,2,5650.000998,57.87895239299716,19.817811193580724,-40.55230882201304
2026-01-28 22:13:46.925410,DEV001,71.18297091482006,97.30047435961083,37.28410085745421,normal,none,22,13,2,-6495.001149,77.5759620175946,11.913174440002605,-23.748468747243948
2026-01-29 00:06:21.926609,DEV001,65.90510779351854,97.14098269961207,36.829877349409614,normal,none,0,6,3,1405.000253,69.97852390655947,26.596614740775475,-26.679820490755034
2026-01-29 00:39:46.926986,DEV001,71.59303445300861,95.6282568707365,36.57521048345987,attack,replay_attack,0,39,3,5780.001046,66.42408939606416,3.7947265595639506,8.126396753647278
2026-01-29 00:32:26.926904,DEV001,71.86829272581478,95.03107685758391,36.79154568239055,normal,none,0,32,3,3540.000648,71.01212366224362,5.898277861961258,3.3568801946793485
2026-01-28 22:39:21.925679,DEV001,65.76704673589254,97.20726732939895,37.21601121182786,normal,none,22,39,2,-2935.000522,84.3839978014943,38.04524521392714,6.218128444745936
2026-01-29 00:07:26.926620,DEV001,65.41728324777303,97.05297202450166,37.27989728539447,attack,spoofing,0,7,3,-2055.000388,65.84096558515172,6.165580115938134,-5.911255956550477
2026-01-29 00:25:10.926702,DEV001,66.61583857092391,97.34670997760492,36.965474173141835,attack,replay_attack,0,25,3,8089.001333,70.60588018923286,4.1405518717004615,-1.344327238205679
2026-01-28 22:34:01.925625,DEV001,71.21534462924437,97.89038316351979,37.094607656432046,normal,none,22,34,2,-920.000165,63.15452483352885,6.3239339383251405,4.378937139942622
2026-01-29 00:44:46.927039,DEV001,72.95621475340415,94.05744199420812,37.21202876373425,attack,spoofing,0,44,3,8015.001446,67.046607074999,8.748435946720576,10.761443845858892
2026-01-29 00:45:46.927050,DEV001,71.97841905394978,96.90815523566505,36.82129698149615,attack,replay_attack,0,45,3,6085.001101,69.78269418877133,3.7365491847872936,2.01754222080595
2026-01-28 22:33:01.925615,DEV001,62.24864254598826,97.45777286615188,37.244056579283544,normal,none,22,33,2,-6955.00125,64.04557549194544,5.748281277797855,-6.9884658397638475
2026-01-28 23:05:31.925961,DEV001,62.616146303064575,97.49986412374037,37.0819272237368,normal,none,23,5,2,-475.000083,52.751310213817284,29.651107456491925,-3.835264292213303
2026-01-29 00:12:56.926676,DEV001,150.0,94.50672917966992,36.86769171149694,attack,data_injection,0,12,3,3370.000597,77.07085874007132,50.03359385526526,135.0
2026-01-29 00:02:36.926565,DEV001,60.14192980744674,98.48911310832828,37.1466108562932,normal,none,0,2,3,-1490.000283,83.86167903981632,37.607954654329745,-14.552715187844683
2026-01-28 23:46:26.926393,DEV001,68.05723188229126,98.27886581331339,37.15415004192376,normal,none,23,46,2,-215.000038,68.68863632625467,5.621517573296303,-9.296032459272084
2026-01-28 22:54:36.925846,DEV001,64.26330639265161,97.38915919566793,36.803093189903606,normal,none,22,54,2,770.00014,65.06607355641201,2.9008172054189427,-5.506696869496196
2026-01-28 23:04:41.925952,DEV001,61.81902328439552,99.01227044570076,37.13325393440871,normal,none,23,4,2,1505.000269,64.10613264350701,3.575711664168382,-1.5238475629912287
2026-01-28 23:09:01.925997,DEV001,60.59374729294961,96.92605243439161,36.89304866583114,normal,none,23,9,2,2315.000411,66.10914021156954,5.066886808734695,-3.2809939959118495
2026-01-28 23:40:26.926331,DEV001,61.56936248701253,98.31830232485267,37.16876790192835,fault,disconnection,23,40,2,380.000068,79.24759369753046,39.55614015176929,-0.6435657425491428
2026-01-28 22:29:46.925579,DEV001,60.15066846802138,96.01883446886032,37.194620312203014,normal,none,22,29,2,-7990.001442,67.85833386701191,5.779699704443837,-12.92724564971978
2026-01-28 22:20:46.925483,DEV001,70.47566220733573,99.08953872169478,37.098301129449354,normal,none,22,20,2,-4015.000712,71.58103374731554,10.512455181384826,-19.12897122805093
2026-01-28 22:32:26.925607,DEV001,66.44476517031941,97.42158661061445,37.20118490235928,normal,none,22,32,2,1510.000268,65.09159427453751,6.644454145154622,9.671420431452788
2026-01-28 23:59:56.926537,DEV001,89.16934007039688,98.95325913752657,36.70051066627885,fault,sensor_drift,23,59,2,5305.00094,59.77860468695553,34.710736547497504,22.93410207806201
2026-01-29 00:36:36.926951,DEV001,57.07932028497255,97.5136144642311,37.02734932947985,normal,none,0,36,3,1395.000271,64.38306718746544,6.439197945552503,-17.343611244700497
2026-01-28 23:56:31.926502,DEV001,62.92465211972038,96.01769641962268,37.0396787034355,fault,battery_low,23,56,2,4565.00081,64.7396239918407,4.142584011116673,2.2081166167541113
2026-01-28 22:27:01.925550,DEV001,60.03532619048039,96.87245087962246,37.21506868039138,normal,none,22,27,2,-6020.001069,66.22458028748402,5.403867946301659,-13.235060740422057
2026-01-28 23:20:46.926123,DEV001,50.77964877886267,100.0,36.99803103826992,fault,battery_low,23,20,2,3680.000654,51.98852802653535,30.23804096332034,-18.842865226462088
2026-01-28 22:09:16.925359,DEV001,56.54139534275674,96.4910363742925,36.955697347409576,normal,none,22,9,2,-960.000172,69.19646498607658,12.99407313541357,-13.196339364072259
2026-01-28 22:47:21.925768,DEV001,73.9553663485039,95.74349310572075,37.17134049604851,normal,none,22,47,2,-3065.000541,66.13777706917809,9.161832453957341,-3.8851409304743783
2026-01-28 23:24:41.926164,DEV001,3.947368421052632,0.0,37.01656651410362,fault,sensor_drift,23,24,2,85.000015,53.61536493603021,27.89874853112778,-60.093228265822034
2026-01-29 00:29:41.926873,DEV001,68.69405240443751,95.36197094256399,36.84658650891994,normal,none,0,29,3,2280.000422,71.76893256902896,12.8596166891646,2.0532086871956636
2026-01-29 00:41:07.926953,DEV001,57.09404648983933,97.65497558422169,37.540605512881015,attack,timing_manipulation,0,41,3,2841.000479,66.90971570191786,7.976153135080176,-20.711692834433947
2026-01-29 00:41:02.926952,DEV001,67.54362511614967,95.03149578656195,36.927798155349485,attack,timing_manipulation,0,41,3,5491.000949,64.61926139599447,2.555254864485756,5.081072510229227
2026-01-29 00:46:11.927054,DEV001,50.0,98.85550331479426,37.25045673239133,attack,replay_attack,0,46,3,6220.001124,67.78015729977763,12.635653485483024,-9.787862509780176
2026-01-28 23:55:06.926487,DEV001,69.67560316256032,97.36166106124702,36.82966756513312,fault,battery_low,23,55,2,-390.000068,72.3885502725774,9.38792324266453,-16.55770184473529
2026-01-28 22:54:41.925847,DEV001,69.50365529268704,96.94687934698246,36.998809058157455,normal,none,22,54,2,720.000132,63.31521917564428,4.679625624994554,11.680821527307202
2026-01-28 23:45:31.926384,DEV001,83.59291934956059,98.82962020171608,37.111204419368455,fault,battery_low,23,45,2,1870.000331,49.18458252917829,33.389271781067976,83.59291934956059
2026-01-28 22:10:16.925369,DEV001,57.52454518534195,97.15519068385898,37.07866141000107,normal,none,22,10,2,-910.000163,71.20976873249325,10.63667080252392,-9.897493724723546
2026-01-29 00:41:04.926957,DEV001,73.06110314127713,96.1435017625908,37.04379278317119,attack,timing_manipulation,0,41,3,-42.000051,66.18911660530148,8.111242146992375,12.391977382349637
2026-01-28 22:55:51.925860,DEV001,64.99037128568877,96.3932997052347,36.94449114873689,normal,none,22,55,2,755.000139,69.56191961632281,11.201011725690725,-4.697737420617045
2026-01-28 22:16:21.925437,DEV001,73.35371751683611,96.98073962026561,37.19155832289458,normal,none,22,16,2,-1390.000244,67.66305881262721,6.19171419509183,14.986109848652333
2026-01-28 22:20:11.925476,DEV001,65.11280538214126,96.76598014089302,37.197275301181186,normal,none,22,20,2,-7834.001364,63.09752718300406,5.050873132785289,-5.513103421953488
2026-01-28 22:14:51.925421,DEV001,65.53331740382558,95.81058810713267,36.98747208453455,normal,none,22,14,2,-6180.001095,62.488810191682504,7.048151364719691,-0.6102942385330721
2026-01-28 22:35:26.925639,DEV001,73.71652704690338,97.6170059495767,37.00949869365033,normal,none,22,35,2,-6055.001071,84.14672285756424,37.04160662973891,-76.28347295309662
2026-01-28 23:46:06.926390,DEV001,0.0,0.0,37.185134441900544,fault,missing_data,23,46,2,685.000121,53.840721269406004,30.47086869230786,-71.08457023896983
2026-01-29 00:05:21.926597,DEV001,66.5370334890455,97.46654531145013,36.86279004859296,normal,none,0,5,3,-2105.000397,69.76234814038698,53.31805404424568,-83.4629665109545
2026-01-29 00:20:15.926669,DEV001,62.17876200671306,98.71204028401789,37.12752116244624,attack,timing_manipulation,0,20,3,3109.000466,52.0312664782406,29.3248459905636,-7.548791183274616
2026-01-28 23:25:26.926171,DEV001,78.15365029862818,97.77740735276451,37.25062656495365,fault,sensor_drift,23,25,2,-4820.000879,70.47645353077644,4.987043927268891,6.1752312446784
2026-01-29 00:17:53.926691,DEV001,50.63868893359175,96.83963991895517,37.19049239410723,attack,timing_manipulation,0,17,3,5172.000875,55.46676974111316,8.247896091209249,-18.586417664466566
2026-01-29 00:52:26.927095,DEV001,64.0254585982366,99.01527511046064,37.06759111082901,attack,timing_manipulation,0,52,3,3580.000632,66.62535669797819,10.179019232467507,-18.717069238912842
2026-01-29 00:38:36.926973,DEV001,69.47519157038057,95.48090809274889,37.27242648073702,attack,replay_attack,0,38,3,1790.00034,65.87272073054712,3.4934924028106584,7.524106091977487
2026-01-29 00:39:06.926978,DEV001,60.544038872923565,94.60244223450827,36.91599445454117,attack,replay_attack,0,39,3,5860.00106,63.75448965642958,6.189533074602605,-2.079579008516923
2026-01-29 00:03:46.926578,DEV001,67.7811500470033,96.59692401093497,36.895284802318685,normal,none,0,3,3,1930.00034,57.48820587591852,32.70478568993451,67.7739828393155
2026-01-29 00:19:11.926755,DEV001,56.924340920472446,96.02662116197297,37.08188770612845,attack,replay_attack,0,19,3,1845.000342,67.82758604843646,9.871075190611469,-25.049811861126003
2026-01-28 23:54:06.926477,DEV001,64.84629347115361,95.92468760695076,36.96617546287143,normal,none,23,54,2,415.000077,61.99231984097311,4.55234877693532,3.097588061890285
2026-01-28 23:57:41.926513,DEV001,63.39985764440318,97.50278442689519,36.930562700977546,normal,none,23,57,2,1770.000313,38.95410457716471,34.9832421300149,-9.557217525161228
2026-01-28 23:59:26.926532,DEV001,24.473684210526315,0.0,36.945030939866044,fault,sensor_drift,23,59,2,5135.000909,63.77798096555365,23.41928092107989,-42.24508454259794
2026-01-29 00:22:21.926791,DEV001,63.3261233394673,97.42154608353655,36.84348028051628,normal,none,0,22,3,6860.001231,65.09625812455246,9.175524286787487,13.192714077657044
2026-01-28 23:04:11.925947,DEV001,66.9714068483199,98.08176672767283,37.10203149378304,normal,none,23,4,2,-3060.000541,68.86958332337747,5.2065486481050955,-3.876588653772771
2026-01-29 00:51:33.927088,DEV001,86.06849967617588,92.26836826109147,36.8374908459756,attack,spoofing,0,51,3,2987.000532,75.85014075466624,14.770213181672423,-9.633793149563644
2026-01-28 23:32:21.926245,DEV001,69.19780528497193,96.49019330680912,37.14314684823417,fault,sensor_drift,23,32,2,-2820.000455,52.30469991330059,29.73725367223371,9.79589245141699
2026-01-28 23:52:36.926461,DEV001,0.0,0.0,36.74744604486029,fault,missing_data,23,52,2,4605.000817,54.2586163107516,30.362522554272044,-66.24718028219367
2026-01-29 00:07:56.926625,DEV001,64.93068317594096,96.89728869477311,37.131929999616474,attack,spoofing,0,7,3,2645.00047,65.39893618306246,2.5260823416494644,-2.117887186631407
2026-01-28 22:07:46.925344,DEV001,59.278227455479154,95.76074160514652,36.98238175119418,normal,none,22,7,2,-1505.000269,64.90568967458644,5.496538201586625,-7.546498331640052
2026-01-29 00:47:55.927037,DEV001,50.0,94.44388125323923,36.98595592769648,attack,replay_attack,0,47,3,-279.000021,51.26470781219316,25.126374344045654,-20.975556719846438
2026-01-28 22:06:51.925335,DEV001,63.99237403248085,97.6592456684324,36.90234523150969,normal,none,22,6,2,-9410.001693,84.28767083733354,36.80605548507089,-86.00762596751915
2026-01-28 23:47:56.926408,DEV001,74.78458213034972,97.75749514933749,37.00269007292386,fault,sensor_drift,23,47,2,6095.001079,73.21810336885582,9.175870506611373,5.206393477690639
2026-01-28 22:24:01.925517,DEV001,64.7633997389539,96.5299578522405,37.00909829526615,normal,none,22,24,2,-3900.000692,64.12092674685123,6.799933031440249,4.4307580513191525
2026-01-28 23:21:11.926127,DEV001,0.0,0.0,36.92162464692262,fault,missing_data,23,21,2,965.00017,56.21043670261988,31.916094453847517,-74.11471264703115
2026-01-29 00:19:16.926699,DEV001,62.555752891068636,95.88841975048645,36.901608619026106,attack,replay_attack,0,19,3,1155.000161,61.54467213699288,6.463914221041018,-0.9869591034266278
2026-01-28 23:00:31.925907,DEV001,63.99629828433516,97.5107920885276,37.00911277622838,normal,none,23,0,2,-4645.000819,65.85395663599469,3.73235932107413,2.7323566800742825
2026-01-29 00:22:31.926793,DEV001,60.224387103253235,96.66087772072996,37.4169425842462,normal,none,0,22,3,-60.00001,71.39560562064182,7.081429471531509,-16.436307710980813
2026-01-29 00:45:26.927046,DEV001,73.87655446304755,97.21853404241095,36.98265977277036,attack,replay_attack,0,45,3,9165.001648,67.84503141860571,3.7881270302185084,7.078004618214422
2026-01-29 00:54:07.927104,DEV001,67.03526143562267,95.95034450109006,37.09726199867004,attack,timing_manipulation,0,54,3,5576.000977,54.17490334383208,30.536468118607544,67.03526143562267
2026-01-28 22:27:41.925556,DEV001,68.55884310288675,94.39578614337286,36.98165879517097,normal,none,22,27,2,-2070.00037,51.65692235103165,28.971792685767426,4.931539336179178
2026-01-28 23:08:06.925988,DEV001,65.47119698816348,97.5581395145185,37.08295457815776,normal,none,23,8,2,955.000167,54.46875747060867,33.03958058299062,-6.707459282291168
2026-01-29 00:02:16.926561,DEV001,65.68267665541369,96.92433439567417,37.02986838221197,normal,none,0,2,3,1060.000187,70.17940458452917,6.04710834299034,-14.512813355523875
2026-01-28 23:10:41.926016,DEV001,68.4497915481953,96.5088462528579,36.535936880353916,normal,none,23,10,2,1660.000298,64.67801501714939,5.928724772120841,12.44725608623905
2026-01-28 23:00:21.925906,DEV001,74.58552221183604,96.09224381985308,36.95027682924666,normal,none,23,0,2,-5690.001027,72.46494053069881,8.730290724492143,-11.895617886059995
2026-01-28 22:15:01.925423,DEV001,75.77067546820827,96.09937926535213,36.941151498872706,normal,none,22,15,2,-8285.001489,70.29424818707614,11.02966032000301,18.780504527694106
2026-01-29 00:07:46.926623,DEV001,159.68543845533958,93.82834565268244,36.95930777178394,attack,spoofing,0,7,3,2995.000534,85.39628313528945,41.754601648252056,93.33008161397376
2026-01-28 22:45:26.925745,DEV001,54.830140138477695,99.36387249461936,37.25676337197071,normal,none,22,45,2,-830.00015,63.11710276250589,5.083717707273814,-11.876195659619945
2026-01-28 22:26:21.925543,DEV001,68.8646823570579,98.97644058451549,36.88202153644888,normal,none,22,26,2,-1500.00027,66.65304955961753,2.631199775641316,-0.12408449467413618
2026-01-28 22:37:11.925657,DEV001,73.59546400113082,97.16001822585278,36.781575759930284,normal,none,22,37,2,-3295.000586,75.16794824335526,10.917468242882094,5.187132400369407
2026-01-28 22:31:56.925602,DEV001,65.32878269998615,97.88765542587383,36.90708378437687,normal,none,22,31,2,-6700.001202,68.6722149584543,1.8803026713503197,-3.935085675624947
2026-01-29 00:17:41.926724,DEV001,72.46344284479761,96.18462437168388,36.730364590914505,attack,replay_attack,0,17,3,4390.000773,71.48642987870538,7.231738756775373,9.736316210283483
2026-01-28 23:00:11.925904,DEV001,64.18606908606594,97.0156183339496,36.676657325010396,normal,none,23,0,2,1655.000295,82.476671065076,37.767106050547135,-0.6023430931223999
2026-01-29 00:07:36.926621,DEV001,161.2564193143336,94.623699275075,36.944497276227956,attack,spoofing,0,7,3,-1515.000287,88.25675514371227,41.1323991956307,88.05659666747664
2026-01-28 22:38:06.925666,DEV001,63.71097085375182,96.95134764842955,37.039583333468414,normal,none,22,38,2,-5350.000952,69.74603222128985,11.296666091447175,-25.94892315820816
2026-01-29 00:32:11.926901,DEV001,61.729621584362874,98.25284263442748,37.27819447160028,normal,none,0,32,3,5310.000959,51.98693290812876,20.50356396867717,-1.8062893236510504
2026-01-28 23:51:36.926450,DEV001,65.85137003303132,98.43633540570598,36.836278994667985,fault,sensor_drift,23,51,2,-3364.000584,66.3059548453098,1.7147271446323709,1.8974794017539551
2026-01-28 22:26:46.925547,DEV001,63.073099799287064,95.669686374261,37.43924462843056,normal,none,22,26,2,-6853.001138,54.54867756315853,25.925106039148268,-3.5427387716368486
2026-01-28 23:03:56.925945,DEV001,68.42041977183064,96.86550321559827,37.10537958473316,normal,none,23,3,2,-810.00014,63.49300565404921,4.141953992699049,5.933409503468702
2026-01-29 00:39:26.926982,DEV001,60.06410236424408,96.6896922946151,36.88174439812606,attack,replay_attack,0,39,3,4135.000755,70.19244957273985,9.531963778039563,-25.404123015386332
2026-01-29 00:21:56.926786,DEV001,69.2638683756111,96.36724497011497,37.07336280865709,normal,none,0,21,3,2540.000464,56.926858103932545,25.346908987401566,-2.012024889300122
2026-01-29 00:12:41.926674,DEV001,59.87906587835397,98.27951866976017,36.752087542783954,normal,none,0,12,3,4680.000827,63.26773786219536,4.721214897256033,-9.624589414333073
2026-01-28 22:11:16.925379,DEV001,65.41145107883654,96.86262821160061,37.055853567643304,normal,none,22,11,2,-2670.00048,65.67761391247386,11.223971167995934,1.6217871109546564
2026-01-29 00:01:26.926553,DEV001,81.50369075301445,96.92255653927401,37.33690496692069,fault,disconnection,0,1,3,-2800.000521,68.3188943866576,7.525155458260382,18.2196521305015
2026-01-29 00:46:01.927052,DEV001,50.0,97.94959457136449,37.12917808405518,attack,replay_attack,0,46,3,6570.001185,68.32816581711566,52.09064074937524,-18.406920478274117
2026-01-29 00:28:07.926831,DEV001,69.9915544907398,98.19170749710706,37.07194779502536,attack,timing_manipulation,0,28,3,2546.000446,53.30417625386858,30.02009824586939,69.9915544907398
2026-01-28 23:25:36.926173,DEV001,85.19114370484404,98.52100622715938,37.19391380515058,fault,sensor_drift,23,25,2,2310.000408,60.095889484323244,29.257280532452086,11.451677048238295
2026-01-28 23:38:56.926315,DEV001,81.2402038085513,95.7905230645812,36.719152086747684,fault,sensor_drift,23,38,2,4165.000738,68.02095379771157,7.538881552390567,14.332871120139444
2026-01-29 00:29:11.926868,DEV001,66.65990165284508,100.0,37.090099144755605,normal,none,0,29,3,5555.001,57.59558234178983,28.423032115691942,-9.06382337210087
2026-01-29 00:04:51.926592,DEV001,59.775954029894834,95.2239882459516,36.96448080104825,normal,none,0,4,3,-225.000039,64.939008791228,5.832069212416243,-7.4470593112058765
2026-01-28 23:55:41.926493,DEV001,58.64464146381296,95.98524050681415,36.86866213087452,fault,disconnection,23,55,2,-2430.000453,65.39992292533006,26.26713055222417,-26.406641532878794
2026-01-29 00:45:11.927044,DEV001,59.03037496800472,97.58590420116465,37.3342695150875,normal,none,0,45,3,6695.001209,81.26039099558494,38.5860844181763,-5.551803573944355
2026-01-28 23:58:46.926526,DEV001,66.59399744394607,96.65909212265392,37.07509117152545,fault,sensor_drift,23,58,2,2380.000421,50.95183301152049,28.849263618302494,66.59399744394607
2026-01-29 00:40:56.927000,DEV001,63.74976742700524,97.5913492417584,36.89638619610499,normal,none,0,40,3,8155.001471,66.96735006611155,2.5796565942481187,-2.911378630627695
2026-01-29 00:28:16.926858,DEV001,77.1202321888758,95.3076126681892,36.582841512219,attack,spoofing,0,28,3,1030.000201,71.0324433052773,5.577351709125747,5.460167582750614
2026-01-28 22:34:46.925632,DEV001,63.805030085299975,96.47396515733242,37.20502183051636,normal,none,22,34,2,-6344.001039,66.42392328755726,3.939457595343803,-0.5862323727836127
2026-01-29 00:51:41.927110,DEV001,68.62547893423998,97.5531491563792,36.84057728675501,normal,none,0,51,3,9530.00171,52.007611763711836,29.197547077834113,3.384092411271922
2026-01-28 23:06:26.925970,DEV001,69.05706220722288,98.4816634024626,36.93928713494682,normal,none,23,6,2,2495.000443,60.25094377424559,7.096890771395608,5.07697557401444
2026-01-28 22:27:56.925559,DEV001,66.04211918184662,97.4042947549617,36.942641152852346,normal,none,22,27,2,-7390.00133,68.23783522656326,6.1558186348923885,3.219551034695826
2026-01-29 00:15:56.926706,DEV001,60.984105246598276,97.12307820165618,37.20977282837507,normal,none,0,15,3,960.000169,58.66584901961562,34.528176521595974,-28.18523482379861
2026-01-28 23:40:31.926331,DEV001,61.56936248701253,98.31830232485267,37.0785268231302,fault,disconnection,23,40,2,-4720.000771,86.56695934761049,36.52369055832483,-88.43063751298746
2026-01-29 00:01:31.926554,DEV001,86.86837159688865,98.10590042435732,37.16845946540278,fault,sensor_drift,0,1,3,5570.000986,66.87732123586792,24.54112947165246,13.322259189402459
2026-01-28 22:42:06.925709,DEV001,56.14358507335511,95.98033566130789,36.55390639617511,normal,none,22,42,2,455.000079,50.39002166576964,28.54744732613047,-6.085058910968343
2026-01-29 00:22:36.926793,DEV001,67.11799532796731,97.37006111526895,36.79841766091436,normal,none,0,22,3,880.000168,65.08569135156348,2.0733930121616724,2.187312152026351
2026-01-28 23:28:46.926206,DEV001,55.132067394987864,97.60211832039248,37.13664460295776,normal,none,23,28,2,-3585.000654,65.92897945059704,7.010152808066361,-18.381824803842797
2026-01-28 22:48:21.925779,DEV001,63.377776340961276,99.94909442530873,37.138094537224305,normal,none,22,48,2,-2810.000495,82.54695965065498,42.6070770921011,0.37554061041141296
2026-01-28 23:11:41.926026,DEV001,69.51035250985385,96.23000393380254,37.14619179527524,normal,none,23,11,2,315.000056,62.115929400219194,8.212870005379889,0.45329030263096115
2026-01-28 23:55:31.926492,DEV001,68.97608622739818,99.08604704953711,36.8389809637939,fault,battery_low,23,55,2,175.000031,54.19144008384848,30.32123465117013,68.97608622739818
2026-01-28 22:59:46.925900,DEV001,58.82403119656509,96.34791111140694,37.277804872592554,normal,none,22,59,2,-4472.000759,82.07015355963114,38.33424387291453,-10.04442748033135
2026-01-28 23:19:56.926114,DEV001,64.59006858765387,96.50026982384837,36.90516436497921,fault,battery_low,23,19,2,-1755.000307,67.01145599996013,12.44069587598832,-22.22974723863892
2026-01-28 22:31:41.925598,DEV001,72.72807044109774,97.60672305913619,36.873995004093224,normal,none,22,31,2,-5035.000894,82.12004724643063,38.32007082309647,14.083428977284782
2026-01-29 00:01:11.926550,DEV001,81.50369075301445,96.92255653927401,36.88271697022225,fault,disconnection,0,1,3,-105.000018,54.539394619018154,28.771619175929388,13.820426990378024
2026-01-28 23:57:16.926509,DEV001,72.79437242135907,97.574071220894,37.23866220118543,normal,none,23,57,2,4900.000868,67.56391272550097,4.56815066122091,7.254319109020585
2026-01-29 00:28:06.926856,DEV001,77.66623656184775,94.16307929620372,36.87922821375261,attack,spoofing,0,28,3,3895.000708,55.039194149970776,31.609777559265915,0.8239458906405446
2026-01-28 22:11:31.925385,DEV001,70.40237507412661,97.26536234939962,36.801660667311936,normal,none,22,11,2,-8990.001619,64.22621391350829,5.792635706131498,8.145999612831417
2026-01-28 23:42:41.926353,DEV001,81.30220075101464,98.32864082824823,36.96317083686336,fault,sensor_drift,23,42,2,-300.000053,66.55941763037285,10.515104223100614,15.401352174940953
2026-01-29 00:32:21.926903,DEV001,67.5560129976249,96.3077496707341,36.960842945806284,normal,none,0,32,3,3190.000585,66.24525781192126,10.03205853119827,-9.801806665675784
2026-01-28 22:58:51.925891,DEV001,65.54970646926067,97.1972922656312,37.07727653076961,normal,none,22,58,2,25.000005,77.68519821432838,11.789191209163407,-0.16110489239670756
2026-01-29 00:40:36.926996,DEV001,150.0,95.89284318319754,36.80428232200227,attack,data_injection,0,40,3,5130.000935,54.617803317942844,61.569793053199035,150.0
2026-01-28 22:40:36.925694,DEV001,72.72813007164817,96.08249717898573,36.500387796501414,normal,none,22,40,2,815.000144,67.49202404836294,6.144989432244428,12.692803881167777
2026-01-29 00:16:21.926710,DEV001,150.0,94.81007829502144,36.87509790898228,attack,data_injection,0,16,3,2645.000466,84.17872834079307,37.030408920566515,81.59166839923859
2026-01-28 22:46:11.925754,DEV001,65.70015800475178,96.39413917924111,36.76109541204679,normal,none,22,46,2,-5415.000957,80.60201337105256,39.60650210486059,-84.29984199524822
2026-01-28 23:55:16.926489,DEV001,71.88954554842218,96.99968632738822,36.804251832738046,fault,battery_low,23,55,2,5810.001032,57.09020722264228,24.341572795431013,12.152082651687934
2026-01-28 22:45:06.925742,DEV001,70.12728451239214,97.03793783544761,37.08353615044788,normal,none,22,45,2,-3775.000667,61.01346204872694,26.407989627978395,-7.856025839903992
2026-01-29 00:12:06.926668,DEV001,77.79099642834126,96.12322621878816,37.145703728702905,attack,replay_attack,0,12,3,5565.000989,82.93526478847859,38.1520409044614,12.023949692448724
2026-01-29 00:52:16.927093,DEV001,75.47131473280396,95.3111099911432,37.17022481967605,attack,spoofing,0,52,3,3145.000556,72.51795498115754,11.887788647440782,-15.589126617890983
2026-01-28 23:13:26.926044,DEV001,66.45141059527788,96.91940025070323,37.13046606763534,fault,disconnection,23,13,2,-1955.000345,56.96196262764257,32.73651832242771,66.45141059527788
2026-01-28 23:42:46.926354,DEV001,76.34816376693462,97.31318447386498,36.77396425410306,fault,sensor_drift,23,42,2,4130.00073,66.58040826810118,5.812317383691578,13.394226362339552
2026-01-29 00:02:21.926562,DEV001,63.17339224343945,98.9725421767898,36.71778863378678,normal,none,0,2,3,2440.000429,54.77541144463589,30.923137279721253,63.17339224343945
2026-01-29 00:18:46.926750,DEV001,58.72855288415376,97.60412088958851,36.949209658720555,attack,replay_attack,0,18,3,615.000119,69.17533913591672,13.414798901097116,-0.2920318056703195
2026-01-28 22:54:11.925842,DEV001,67.51781875269845,98.46417723875244,36.76460757744601,normal,none,22,54,2,-4585.00081,72.1986899206058,7.032760761990638,-13.566191802144132
2026-01-29 00:21:15.926704,DEV001,62.66981749065879,95.15992225549425,36.987285292162774,attack,replay_attack,0,21,3,7364.001245,68.51070763807782,7.681690494362523,-6.279636299581313
2026-01-29 00:19:21.926721,DEV001,67.33214991216764,95.72993891128797,36.80401488504355,attack,timing_manipulation,0,19,3,-995.000222,67.48047162184828,2.470479740570532,-4.161733582972502
2026-01-28 22:48:11.925777,DEV001,63.08653311654648,95.9148494734422,36.95718646045443,normal,none,22,48,2,-3550.000625,63.30124574116618,3.292119561330362,-2.358407597523751
2026-01-29 00:06:01.926605,DEV001,67.45487475819125,95.71169238253646,37.068365042790994,normal,none,0,6,3,585.000106,63.23678835088303,8.021382199988864,3.6402565428552762
2026-01-28 23:05:46.925963,DEV001,70.85725114719193,94.89997349234838,36.992421383656634,normal,none,23,5,2,-2960.000524,71.9059231158353,9.39328227375765,1.18164798463161
2026-01-29 00:00:11.926540,DEV001,64.7464336894223,97.40048138650633,36.90222277619126,fault,battery_low,0,0,3,-3085.000569,70.10379050551785,4.321777758101716,-2.818993411064156
2026-01-29 00:03:26.926575,DEV001,72.50666825977743,97.12617790366197,37.23005347917966,normal,none,0,3,3,6680.001183,70.94580960673065,3.1351495684376802,-1.5232605347080295
2026-01-29 00:21:31.926781,DEV001,50.0,98.89776701674597,37.34318152622654,attack,data_injection,0,21,3,5645.001012,69.55579609872788,15.281213628886935,-19.034296180578906
2026-01-29 00:35:06.926933,DEV001,71.1816247745133,94.11475131387577,37.38844911895126,attack,spoofing,0,35,3,-670.000122,66.40640809827309,3.463184926486494,2.4420734939256192
2026-01-29 00:43:46.927029,DEV001,73.87655446304755,95.5825713188088,37.1430986193539,attack,replay_attack,0,43,3,6245.00113,58.721599633225495,31.563304156154775,8.834765257709961
2026-01-29 00:29:21.926870,DEV001,68.5472590856952,96.81855093075248,37.11118829032917,normal,none,0,29,3,3095.000569,88.33223166748031,34.90725450125721,-12.736451346693556
2026-01-28 23:29:51.926220,DEV001,75.93712146307199,97.55655312453376,37.14656581636435,fault,sensor_drift,23,29,2,-1530.00027,56.03332413307619,30.699668873257064,15.742644023750941
2026-01-28 23:24:36.926163,DEV001,72.86092311535216,96.53350462077181,36.95887442927135,fault,sensor_drift,23,24,2,-4100.000746,69.1533360658588,2.570654035661213,4.150285659992704
2026-01-28 22:57:31.925877,DEV001,66.88671993518008,96.2658262012215,37.22920551500268,normal,none,22,57,2,-5115.000918,53.55443790607527,31.42557373929892,7.224384506451443
2026-01-28 22:20:16.925477,DEV001,62.57106514036818,97.46635837444633,36.85760535454821,normal,none,22,20,2,-3880.000689,53.12583587060296,26.402051493313238,56.255275666683964
2026-01-28 22:55:16.925853,DEV001,62.059326832611276,96.93647542538464,36.784031510443704,normal,none,22,55,2,-960.000169,69.6252258347268,11.847619187800738,3.3953068890524705
2026-01-28 23:37:06.926294,DEV001,70.68094634403379,97.75971229548416,36.858845303380924,fault,sensor_drift,23,37,2,5305.000941,52.30786493649229,29.62292656846643,7.349733443025158
2026-01-28 22:53:46.925837,DEV001,74.72193252353203,95.55140858536646,36.94016364551452,normal,none,22,53,2,-6865.001238,69.80476481210118,6.623353341306308,6.6140730742517775
2026-01-28 23:20:06.926116,DEV001,55.29577254289879,98.38833777820845,37.32190413315519,fault,battery_low,23,20,2,-2865.000508,64.41669794315386,7.780407486060363,-19.832965018555512
2026-01-28 23:27:51.926197,DEV001,82.77687245576315,97.26402008133367,36.760406714156545,fault,sensor_drift,23,27,2,265.000046,71.29710933744897,12.080196926308094,10.775741774898563
2026-01-29 00:36:11.926946,DEV001,85.05128299669175,93.61145744616879,37.05904651500812,attack,spoofing,0,36,3,2045.000386,67.01474838319233,25.99478702637669,-5.77066647033719
2026-01-28 22:47:11.925766,DEV001,66.7265875003937,96.50687717760023,36.882133553714525,normal,none,22,47,2,-2860.000504,62.95344125799845,7.247829648491231,3.1980504703000534
2026-01-28 22:07:26.925341,DEV001,63.52830831595075,96.8061738612272,36.88417517807285,normal,none,22,7,2,-9898.001715,57.97338200856022,25.42930901435253,-2.6679260046049933
2026-01-29 00:22:01.926787,DEV001,67.42366408647237,97.59644113758175,36.851901978733565,normal,none,0,22,3,2140.000395,57.995973097685386,33.350864202024034,1.4714348342016308
2026-01-28 23:33:41.926259,DEV001,75.63398086114063,95.62832630276954,37.145812729000475,fault,sensor_drift,23,33,2,-4672.000829,76.82849121769762,14.50695436293911,-10.434518815035247
2026-01-29 00:02:56.926568,DEV001,67.68326376263643,97.56976035719865,36.920535349489725,normal,none,0,2,3,-1670.000317,51.03743000874168,25.554937363593304,17.68326376263643
2026-01-28 23:31:21.926235,DEV001,70.9861998715639,96.588573392884,36.96281510381024,fault,battery_low,23,31,2,3285.000584,55.22959884822742,31.305792011585023,6.652556268837458
2026-01-28 22:45:16.925744,DEV001,63.46065475893222,96.79068618042064,37.077474296126596,normal,none,22,45,2,-4645.000822,65.70885630586966,9.417947195104377,-7.541414780789907
2026-01-28 23:47:51.926407,DEV001,65.71853911564597,95.94985926039786,37.356955007837016,fault,sensor_drift,23,47,2,665.000116,52.093785111553565,29.637768338350575,65.71853911564597
